reference,fournisseur,couleur,matiere,motif,saison,col,finition,style,usage
REF00001,F000,bleu,coton,raye,mi-saison,rond,premium,sportif,sport
REF00002,F001,vert,laine,raye,hiver,rond,standard,sportif,ville
REF00003,F002,vert,laine,uni,mi-saison,v,standard,chic,sport
REF00004,F003,bleu,lin,imprime,mi-saison,montant,premium,sportif,sport
REF00005,F004,noir,coton,imprime,ete,rond,premium,classique,sport
REF00006,F005,vert,synthetique,uni,ete,montant,standard,chic,ville
REF00007,F006,bleu,synthetique,imprime,ete,montant,standard,sportif,sport
REF00008,F007,bleu,lin,raye,hiver,montant,standard,classique,soiree
REF00009,F008,bleu,lin,imprime,hiver,rond,premium,chic,sport
REF00010,F009,noir,laine,raye,mi-saison,v,premium,chic,soiree
REF00011,F010,bleu,laine,raye,hiver,v,premium,chic,ville
REF00012,F011,rouge,lin,imprime,hiver,montant,standard,sportif,soiree
REF00013,F012,rouge,lin,uni,hiver,v,premium,chic,ville
REF00014,F013,vert,lin,imprime,mi-saison,rond,standard,chic,sport
REF00015,F014,bleu,lin,raye,hiver,montant,standard,classique,sport
REF00016,F015,noir,laine,imprime,mi-saison,rond,premium,chic,sport
REF00017,F016,bleu,lin,imprime,mi-saison,montant,premium,sportif,sport
REF00018,F017,rouge,lin,raye,ete,montant,standard,chic,ville
REF00019,F018,bleu,lin,imprime,hiver,v,standard,chic,sport
REF00020,F019,rouge,coton,raye,mi-saison,rond,standard,sportif,sport
REF00021,F020,noir,laine,imprime,mi-saison,rond,standard,classique,ville
REF00022,F021,bleu,laine,uni,mi-saison,montant,premium,chic,soiree
REF00023,F022,vert,coton,uni,hiver,v,standard,classique,ville
REF00024,F023,noir,coton,uni,mi-saison,rond,standard,sportif,soiree
REF00025,F024,bleu,lin,raye,hiver,montant,standard,sportif,soiree
REF00026,F025,vert,lin,raye,mi-saison,v,premium,chic,ville
REF00027,F026,noir,lin,imprime,ete,montant,standard,sportif,soiree
REF00028,F027,rouge,laine,uni,ete,v,premium,chic,sport
REF00029,F028,vert,laine,imprime,ete,rond,premium,sportif,sport
REF00030,F029,vert,laine,raye,mi-saison,rond,premium,sportif,ville
REF00031,F030,bleu,coton,uni,ete,rond,premium,sportif,ville
REF00032,F031,bleu,laine,uni,mi-saison,v,premium,chic,soiree
REF00033,F032,vert,coton,imprime,ete,montant,standard,chic,ville
REF00034,F033,noir,coton,uni,ete,v,standard,chic,ville
REF00035,F034,bleu,coton,uni,hiver,rond,standard,sportif,ville
REF00036,F035,vert,coton,raye,ete,rond,standard,chic,soiree
REF00037,F036,rouge,lin,imprime,ete,rond,premium,chic,soiree
REF00038,F037,vert,laine,imprime,ete,v,standard,chic,sport
REF00039,F038,rouge,coton,uni,hiver,rond,premium,sportif,soiree
REF00040,F039,vert,lin,raye,mi-saison,rond,premium,classique,soiree
REF00041,F040,noir,lin,uni,mi-saison,montant,standard,chic,soiree
REF00042,F041,vert,lin,uni,hiver,v,premium,chic,soiree
REF00043,F042,vert,coton,imprime,ete,v,standard,sportif,ville
REF00044,F043,rouge,laine,imprime,hiver,v,standard,classique,soiree
REF00045,F044,bleu,laine,imprime,hiver,montant,premium,chic,sport
REF00046,F045,bleu,lin,raye,hiver,rond,standard,sportif,ville
REF00047,F046,noir,synthetique,imprime,mi-saison,v,standard,chic,ville
REF00048,F047,noir,lin,imprime,hiver,rond,premium,chic,soiree
REF00049,F048,vert,laine,raye,hiver,v,premium,classique,sport
REF00050,F049,vert,laine,raye,hiver,v,standard,chic,ville
REF00051,F050,vert,synthetique,uni,hiver,v,standard,sportif,soiree
REF00052,F051,noir,coton,raye,ete,v,premium,chic,sport
REF00053,F052,bleu,lin,raye,ete,rond,standard,sportif,ville
REF00054,F053,vert,lin,uni,hiver,rond,premium,chic,ville
REF00055,F054,bleu,lin,raye,ete,v,premium,classique,sport
REF00056,F055,noir,laine,raye,ete,v,standard,sportif,soiree
REF00057,F056,noir,synthetique,uni,ete,montant,premium,sportif,ville
REF00058,F057,noir,coton,raye,hiver,v,standard,sportif,ville
REF00059,F058,rouge,lin,imprime,mi-saison,montant,premium,sportif,ville
REF00060,F059,vert,laine,raye,mi-saison,rond,premium,sportif,ville
REF00061,F060,noir,laine,raye,mi-saison,v,standard,chic,ville
REF00062,F061,vert,coton,raye,mi-saison,v,premium,classique,soiree
REF00063,F062,noir,synthetique,uni,ete,v,premium,sportif,sport
REF00064,F063,bleu,coton,raye,hiver,rond,premium,chic,ville
REF00065,F064,bleu,lin,raye,ete,montant,standard,chic,sport
REF00066,F065,bleu,coton,raye,ete,v,premium,classique,sport
REF00067,F066,vert,laine,imprime,hiver,montant,standard,classique,ville
REF00068,F067,noir,lin,raye,mi-saison,v,premium,classique,ville
REF00069,F068,vert,lin,imprime,hiver,montant,standard,chic,soiree
REF00070,F069,rouge,lin,imprime,ete,montant,standard,classique,sport
REF00071,F070,noir,coton,uni,hiver,v,standard,sportif,sport
REF00072,F071,bleu,coton,imprime,ete,v,standard,chic,soiree
REF00073,F072,noir,laine,imprime,mi-saison,montant,premium,chic,soiree
REF00074,F073,rouge,laine,imprime,hiver,rond,premium,sportif,ville
REF00075,F074,bleu,laine,imprime,mi-saison,rond,standard,classique,soiree
REF00076,F075,noir,laine,raye,mi-saison,v,standard,chic,ville
REF00077,F076,rouge,synthetique,imprime,ete,v,premium,classique,ville
REF00078,F077,bleu,coton,imprime,hiver,v,premium,classique,soiree
REF00079,F078,rouge,coton,uni,mi-saison,montant,standard,sportif,soiree
REF00080,F079,rouge,lin,imprime,ete,montant,premium,chic,sport
REF00081,F080,vert,laine,raye,ete,rond,standard,sportif,sport
REF00082,F081,vert,lin,imprime,hiver,v,standard,classique,sport
REF00083,F082,noir,lin,uni,hiver,v,standard,chic,ville
REF00084,F083,bleu,laine,imprime,mi-saison,rond,premium,classique,soiree
REF00085,F084,bleu,synthetique,uni,ete,rond,standard,chic,sport
REF00086,F085,vert,coton,raye,ete,rond,standard,classique,ville
REF00087,F086,noir,laine,raye,ete,rond,standard,classique,sport
REF00088,F087,vert,lin,imprime,ete,montant,premium,classique,soiree
REF00089,F088,rouge,lin,imprime,mi-saison,rond,premium,chic,soiree
REF00090,F089,bleu,laine,raye,hiver,montant,standard,classique,sport
REF00091,F090,vert,synthetique,imprime,hiver,v,standard,classique,soiree
REF00092,F091,bleu,laine,uni,hiver,v,standard,classique,sport
REF00093,F092,vert,lin,uni,ete,montant,standard,sportif,ville
REF00094,F093,bleu,coton,uni,mi-saison,montant,premium,chic,ville
REF00095,F094,bleu,lin,imprime,hiver,montant,standard,classique,sport
REF00096,F095,bleu,laine,imprime,mi-saison,rond,premium,sportif,ville
REF00097,F096,rouge,synthetique,uni,hiver,montant,premium,sportif,ville
REF00098,F097,bleu,synthetique,raye,mi-saison,rond,premium,chic,soiree
REF00099,F098,noir,synthetique,uni,mi-saison,rond,premium,chic,soiree
REF00100,F099,bleu,coton,raye,ete,rond,premium,sportif,ville
REF00101,F100,noir,lin,raye,hiver,v,premium,sportif,ville
REF00102,F101,vert,lin,raye,ete,rond,standard,sportif,ville
REF00103,F102,vert,coton,raye,mi-saison,v,standard,chic,soiree
REF00104,F103,vert,coton,raye,ete,v,premium,sportif,ville
REF00105,F104,vert,synthetique,imprime,hiver,rond,premium,sportif,ville
REF00106,F105,vert,lin,imprime,mi-saison,rond,premium,classique,soiree
REF00107,F106,vert,coton,imprime,hiver,montant,premium,chic,sport
REF00108,F107,bleu,coton,uni,ete,v,premium,chic,ville
REF00109,F108,bleu,synthetique,uni,ete,montant,standard,sportif,soiree
REF00110,F109,rouge,laine,raye,ete,montant,premium,chic,soiree
REF00111,F110,bleu,synthetique,raye,ete,v,standard,classique,sport
REF00112,F111,bleu,coton,uni,ete,montant,standard,classique,ville
REF00113,F112,vert,lin,uni,hiver,v,standard,classique,sport
REF00114,F113,rouge,synthetique,imprime,mi-saison,montant,standard,sportif,soiree
REF00115,F114,vert,laine,imprime,ete,rond,premium,sportif,soiree
REF00116,F115,vert,laine,raye,hiver,montant,standard,classique,sport
REF00117,F116,bleu,coton,imprime,mi-saison,v,premium,sportif,ville
REF00118,F117,noir,coton,imprime,mi-saison,v,standard,chic,soiree
REF00119,F118,noir,coton,uni,mi-saison,v,standard,classique,soiree
REF00120,F119,noir,laine,raye,mi-saison,montant,premium,classique,soiree
REF00121,F120,bleu,lin,raye,mi-saison,montant,standard,classique,sport
REF00122,F121,vert,synthetique,uni,ete,v,standard,classique,soiree
REF00123,F122,noir,lin,raye,hiver,v,standard,classique,sport
REF00124,F123,vert,coton,uni,ete,montant,standard,chic,soiree
REF00125,F124,bleu,coton,uni,hiver,rond,premium,sportif,sport
REF00126,F125,vert,laine,imprime,hiver,v,premium,chic,sport
REF00127,F126,rouge,lin,uni,mi-saison,rond,standard,chic,ville
REF00128,F127,vert,lin,raye,mi-saison,v,standard,chic,ville
REF00129,F128,noir,coton,imprime,mi-saison,montant,standard,classique,sport
REF00130,F129,noir,coton,imprime,hiver,v,standard,sportif,sport
REF00131,F130,rouge,synthetique,imprime,mi-saison,v,premium,chic,soiree
REF00132,F131,vert,lin,imprime,hiver,v,premium,chic,soiree
REF00133,F132,noir,lin,uni,hiver,rond,standard,chic,sport
REF00134,F133,vert,laine,uni,mi-saison,montant,premium,chic,sport
REF00135,F134,vert,synthetique,imprime,mi-saison,v,standard,chic,soiree
REF00136,F135,vert,lin,raye,mi-saison,rond,standard,chic,soiree
REF00137,F136,rouge,lin,imprime,ete,v,standard,sportif,ville
REF00138,F137,rouge,lin,uni,hiver,rond,standard,chic,ville
REF00139,F138,vert,coton,imprime,ete,rond,standard,sportif,soiree
REF00140,F139,bleu,lin,raye,mi-saison,v,premium,sportif,soiree
REF00141,F000,bleu,laine,uni,ete,rond,premium,classique,ville
REF00142,F001,rouge,lin,uni,hiver,v,standard,sportif,sport
REF00143,F002,bleu,lin,raye,ete,rond,premium,sportif,soiree
REF00144,F003,noir,coton,uni,hiver,montant,premium,classique,soiree
REF00145,F004,noir,lin,raye,hiver,montant,premium,sportif,sport
REF00146,F005,vert,coton,imprime,ete,rond,premium,sportif,sport
REF00147,F006,noir,coton,imprime,mi-saison,rond,premium,classique,sport
REF00148,F007,noir,coton,uni,mi-saison,v,premium,chic,sport
REF00149,F008,noir,coton,imprime,ete,v,standard,classique,ville
REF00150,F009,noir,laine,imprime,hiver,rond,standard,chic,sport
REF00151,F010,bleu,coton,uni,hiver,rond,standard,classique,ville
REF00152,F011,vert,coton,uni,ete,rond,standard,chic,soiree
REF00153,F012,noir,synthetique,raye,ete,montant,standard,sportif,ville
REF00154,F013,noir,lin,imprime,ete,rond,standard,chic,ville
REF00155,F014,noir,coton,uni,hiver,v,standard,chic,ville
REF00156,F015,vert,coton,uni,ete,montant,premium,classique,sport
REF00157,F016,bleu,coton,raye,mi-saison,montant,premium,chic,soiree
REF00158,F017,noir,coton,uni,ete,montant,standard,sportif,soiree
REF00159,F018,bleu,lin,uni,mi-saison,montant,premium,classique,soiree
REF00160,F019,noir,synthetique,raye,ete,montant,standard,chic,ville
REF00161,F020,bleu,synthetique,imprime,mi-saison,montant,premium,classique,sport
REF00162,F021,rouge,laine,uni,mi-saison,rond,premium,chic,sport
REF00163,F022,rouge,coton,imprime,hiver,v,standard,sportif,soiree
REF00164,F023,bleu,lin,uni,ete,montant,premium,chic,ville
REF00165,F024,vert,laine,raye,ete,v,standard,chic,ville
REF00166,F025,bleu,synthetique,imprime,hiver,v,standard,sportif,sport
REF00167,F026,bleu,synthetique,imprime,mi-saison,v,standard,classique,ville
REF00168,F027,noir,synthetique,raye,hiver,montant,standard,classique,sport
REF00169,F028,noir,synthetique,raye,ete,rond,standard,classique,sport
REF00170,F029,noir,lin,raye,hiver,v,standard,classique,ville
REF00171,F030,noir,synthetique,raye,ete,rond,premium,chic,soiree
REF00172,F031,noir,synthetique,uni,ete,v,premium,classique,soiree
REF00173,F032,bleu,laine,uni,ete,v,standard,classique,soiree
REF00174,F033,bleu,lin,imprime,ete,montant,standard,chic,sport
REF00175,F034,rouge,laine,raye,ete,v,standard,classique,sport
REF00176,F035,vert,laine,raye,ete,rond,standard,chic,soiree
REF00177,F036,bleu,synthetique,imprime,ete,rond,standard,sportif,sport
REF00178,F037,vert,synthetique,uni,hiver,montant,premium,sportif,sport
REF00179,F038,rouge,coton,imprime,ete,rond,premium,sportif,soiree
REF00180,F039,noir,lin,imprime,mi-saison,montant,premium,sportif,sport
REF00181,F040,bleu,synthetique,imprime,mi-saison,v,standard,sportif,sport
REF00182,F041,bleu,laine,imprime,mi-saison,montant,premium,classique,ville
REF00183,F042,vert,laine,raye,hiver,rond,premium,classique,ville
REF00184,F043,rouge,laine,raye,ete,rond,premium,classique,ville
REF00185,F044,bleu,lin,imprime,mi-saison,v,standard,sportif,sport
REF00186,F045,vert,synthetique,imprime,mi-saison,montant,premium,sportif,ville
REF00187,F046,bleu,synthetique,raye,mi-saison,rond,standard,classique,sport
REF00188,F047,noir,laine,raye,ete,rond,standard,classique,sport
REF00189,F048,bleu,coton,uni,hiver,rond,standard,chic,ville
REF00190,F049,vert,coton,uni,mi-saison,rond,premium,chic,soiree
REF00191,F050,rouge,lin,uni,hiver,montant,premium,sportif,soiree
REF00192,F051,noir,coton,imprime,ete,rond,premium,classique,soiree
REF00193,F052,bleu,synthetique,uni,mi-saison,v,standard,classique,sport
REF00194,F053,vert,coton,raye,ete,v,premium,sportif,sport
REF00195,F054,rouge,laine,uni,hiver,v,standard,chic,sport
REF00196,F055,vert,coton,raye,ete,rond,premium,sportif,sport
REF00197,F056,vert,lin,raye,mi-saison,montant,standard,chic,sport
REF00198,F057,noir,lin,imprime,ete,rond,premium,chic,soiree
REF00199,F058,rouge,synthetique,uni,mi-saison,montant,standard,classique,ville
REF00200,F059,noir,coton,uni,mi-saison,v,premium,sportif,sport
REF00201,F060,noir,synthetique,uni,mi-saison,rond,standard,sportif,ville
REF00202,F061,bleu,lin,uni,mi-saison,v,standard,classique,soiree
REF00203,F062,rouge,coton,imprime,ete,rond,standard,classique,sport
REF00204,F063,noir,synthetique,raye,mi-saison,montant,standard,sportif,ville
REF00205,F064,bleu,laine,raye,mi-saison,rond,standard,chic,sport
REF00206,F065,bleu,synthetique,imprime,mi-saison,montant,standard,classique,soiree
REF00207,F066,rouge,lin,uni,hiver,v,standard,chic,sport
REF00208,F067,noir,lin,raye,mi-saison,v,standard,chic,soiree
REF00209,F068,vert,laine,imprime,mi-saison,v,premium,chic,ville
REF00210,F069,bleu,coton,raye,ete,v,standard,classique,sport
REF00211,F070,noir,synthetique,raye,mi-saison,rond,premium,sportif,sport
REF00212,F071,noir,lin,imprime,ete,montant,standard,classique,sport
REF00213,F072,noir,coton,raye,mi-saison,montant,premium,chic,ville
REF00214,F073,vert,lin,raye,ete,montant,standard,classique,sport
REF00215,F074,bleu,coton,uni,hiver,rond,standard,classique,sport
REF00216,F075,noir,laine,uni,mi-saison,v,premium,chic,ville
REF00217,F076,vert,coton,imprime,mi-saison,v,standard,chic,sport
REF00218,F077,bleu,laine,uni,hiver,montant,standard,chic,sport
REF00219,F078,vert,laine,uni,mi-saison,v,standard,sportif,soiree
REF00220,F079,bleu,synthetique,raye,ete,montant,standard,chic,ville
REF00221,F080,vert,lin,imprime,ete,rond,standard,sportif,soiree
REF00222,F081,vert,coton,imprime,ete,montant,standard,sportif,sport
REF00223,F082,bleu,coton,raye,hiver,rond,premium,sportif,soiree
REF00224,F083,rouge,coton,raye,mi-saison,v,premium,sportif,sport
REF00225,F084,rouge,coton,raye,ete,rond,premium,sportif,soiree
REF00226,F085,vert,coton,uni,hiver,rond,standard,sportif,sport
REF00227,F086,noir,synthetique,imprime,mi-saison,v,premium,classique,soiree
REF00228,F087,bleu,synthetique,uni,mi-saison,rond,premium,classique,sport
REF00229,F088,vert,synthetique,raye,mi-saison,montant,premium,sportif,soiree
REF00230,F089,rouge,lin,raye,hiver,rond,premium,chic,ville
REF00231,F090,noir,lin,uni,hiver,v,premium,sportif,sport
REF00232,F091,bleu,lin,uni,ete,rond,standard,chic,sport
REF00233,F092,bleu,synthetique,uni,mi-saison,montant,standard,chic,sport
REF00234,F093,bleu,coton,raye,ete,montant,standard,classique,ville
REF00235,F094,vert,synthetique,imprime,mi-saison,v,premium,classique,soiree
REF00236,F095,noir,lin,raye,ete,rond,standard,sportif,sport
REF00237,F096,bleu,coton,imprime,ete,rond,standard,chic,ville
REF00238,F097,vert,coton,imprime,mi-saison,v,premium,sportif,ville
REF00239,F098,bleu,synthetique,raye,ete,v,premium,classique,ville
REF00240,F099,bleu,coton,raye,hiver,v,standard,classique,soiree
REF00241,F100,noir,synthetique,uni,mi-saison,rond,premium,classique,soiree
REF00242,F101,vert,lin,raye,mi-saison,montant,premium,sportif,ville
REF00243,F102,rouge,laine,imprime,ete,v,standard,classique,ville
REF00244,F103,noir,coton,uni,ete,rond,premium,sportif,ville
REF00245,F104,noir,coton,uni,ete,v,standard,classique,soiree
REF00246,F105,bleu,lin,uni,hiver,v,standard,chic,sport
REF00247,F106,bleu,laine,imprime,hiver,v,premium,classique,ville
REF00248,F107,bleu,coton,uni,ete,rond,standard,classique,ville
REF00249,F108,rouge,laine,raye,mi-saison,v,standard,chic,sport
REF00250,F109,vert,laine,imprime,mi-saison,rond,standard,sportif,ville
REF00251,F110,bleu,synthetique,raye,hiver,montant,premium,sportif,sport
REF00252,F111,noir,coton,raye,mi-saison,rond,premium,chic,sport
REF00253,F112,noir,synthetique,raye,mi-saison,v,premium,chic,soiree
REF00254,F113,noir,lin,raye,hiver,v,standard,chic,soiree
REF00255,F114,vert,coton,uni,hiver,rond,premium,sportif,soiree
REF00256,F115,vert,synthetique,raye,mi-saison,rond,premium,classique,soiree
REF00257,F116,rouge,laine,imprime,ete,montant,premium,chic,ville
REF00258,F117,vert,laine,uni,hiver,v,premium,sportif,ville
REF00259,F118,rouge,lin,imprime,hiver,rond,standard,sportif,ville
REF00260,F119,bleu,coton,raye,ete,v,premium,sportif,soiree
REF00261,F120,rouge,synthetique,uni,mi-saison,v,standard,sportif,sport
REF00262,F121,noir,lin,imprime,ete,v,premium,classique,soiree
REF00263,F122,rouge,lin,imprime,ete,montant,standard,chic,sport
REF00264,F123,noir,laine,uni,hiver,rond,premium,chic,soiree
REF00265,F124,vert,laine,uni,mi-saison,v,standard,chic,ville
REF00266,F125,rouge,coton,uni,mi-saison,montant,standard,classique,soiree
REF00267,F126,vert,lin,uni,mi-saison,v,premium,classique,sport
REF00268,F127,rouge,coton,imprime,ete,rond,premium,chic,ville
REF00269,F128,vert,coton,imprime,hiver,v,premium,sportif,ville
REF00270,F129,vert,synthetique,uni,hiver,v,premium,chic,ville
REF00271,F130,noir,laine,imprime,mi-saison,montant,premium,classique,soiree
REF00272,F131,noir,synthetique,imprime,hiver,montant,standard,chic,soiree
REF00273,F132,vert,synthetique,raye,mi-saison,montant,premium,classique,sport
REF00274,F133,bleu,synthetique,imprime,ete,montant,standard,sportif,ville
REF00275,F134,noir,lin,raye,ete,rond,standard,sportif,sport
REF00276,F135,vert,lin,raye,ete,v,standard,classique,sport
REF00277,F136,rouge,coton,imprime,hiver,v,standard,classique,ville
REF00278,F137,rouge,coton,imprime,mi-saison,rond,standard,sportif,ville
REF00279,F138,bleu,synthetique,imprime,ete,v,premium,classique,soiree
REF00280,F139,vert,lin,imprime,mi-saison,montant,premium,chic,soiree
REF00281,F000,bleu,coton,raye,ete,rond,standard,chic,sport
REF00282,F001,vert,coton,imprime,hiver,v,premium,classique,ville
REF00283,F002,vert,coton,raye,hiver,montant,standard,classique,sport
REF00284,F003,rouge,laine,raye,ete,rond,premium,chic,ville
REF00285,F004,vert,lin,uni,ete,montant,premium,chic,ville
REF00286,F005,bleu,laine,raye,ete,montant,premium,classique,soiree
REF00287,F006,rouge,coton,raye,mi-saison,montant,standard,classique,sport
REF00288,F007,bleu,synthetique,uni,mi-saison,montant,premium,sportif,sport
REF00289,F008,vert,laine,uni,hiver,montant,premium,chic,sport
REF00290,F009,vert,laine,raye,ete,montant,standard,classique,ville
REF00291,F010,rouge,laine,imprime,ete,rond,premium,classique,ville
REF00292,F011,rouge,lin,uni,mi-saison,v,standard,sportif,soiree
REF00293,F012,rouge,coton,raye,mi-saison,v,premium,chic,ville
REF00294,F013,bleu,synthetique,imprime,ete,v,standard,classique,soiree
REF00295,F014,noir,synthetique,uni,mi-saison,v,standard,sportif,soiree
REF00296,F015,noir,lin,uni,mi-saison,rond,premium,classique,soiree
REF00297,F016,noir,coton,raye,mi-saison,v,standard,classique,sport
REF00298,F017,bleu,synthetique,imprime,hiver,v,standard,chic,sport
REF00299,F018,rouge,synthetique,uni,hiver,montant,standard,sportif,ville
REF00300,F019,noir,synthetique,uni,ete,montant,standard,sportif,ville
REF00301,F020,bleu,laine,uni,ete,v,standard,classique,sport
REF00302,F021,vert,synthetique,uni,hiver,v,premium,chic,soiree
REF00303,F022,vert,coton,raye,mi-saison,v,premium,chic,sport
REF00304,F023,bleu,lin,uni,mi-saison,v,standard,classique,soiree
REF00305,F024,rouge,laine,uni,ete,rond,standard,classique,soiree
REF00306,F025,rouge,laine,raye,ete,rond,standard,classique,sport
REF00307,F026,bleu,synthetique,uni,ete,montant,standard,sportif,soiree
REF00308,F027,vert,laine,imprime,hiver,v,premium,chic,ville
REF00309,F028,rouge,synthetique,imprime,mi-saison,rond,premium,chic,sport
REF00310,F029,bleu,laine,raye,mi-saison,montant,standard,sportif,soiree
REF00311,F030,rouge,synthetique,raye,hiver,rond,premium,sportif,sport
REF00312,F031,rouge,synthetique,uni,ete,montant,standard,chic,sport
REF00313,F032,bleu,coton,uni,ete,v,standard,sportif,soiree
REF00314,F033,vert,synthetique,raye,ete,rond,premium,classique,soiree
REF00315,F034,vert,coton,uni,mi-saison,rond,premium,classique,sport
REF00316,F035,noir,synthetique,imprime,hiver,v,standard,sportif,ville
REF00317,F036,bleu,coton,imprime,hiver,rond,premium,chic,soiree
REF00318,F037,rouge,laine,imprime,ete,rond,standard,sportif,sport
REF00319,F038,bleu,laine,uni,ete,v,standard,sportif,ville
REF00320,F039,bleu,laine,raye,mi-saison,montant,standard,chic,soiree
REF00321,F040,bleu,coton,imprime,mi-saison,rond,standard,sportif,ville
REF00322,F041,noir,coton,raye,hiver,montant,premium,sportif,sport
REF00323,F042,bleu,coton,imprime,mi-saison,v,premium,chic,ville
REF00324,F043,vert,lin,imprime,mi-saison,montant,standard,classique,ville
REF00325,F044,bleu,lin,raye,ete,v,standard,sportif,ville
REF00326,F045,vert,synthetique,imprime,hiver,v,standard,classique,sport
REF00327,F046,noir,coton,raye,ete,v,premium,sportif,sport
REF00328,F047,vert,lin,uni,ete,montant,premium,classique,sport
REF00329,F048,vert,coton,imprime,mi-saison,v,standard,sportif,soiree
REF00330,F049,vert,coton,raye,hiver,rond,premium,chic,ville
REF00331,F050,bleu,synthetique,imprime,mi-saison,v,standard,sportif,sport
REF00332,F051,vert,coton,raye,mi-saison,rond,premium,classique,sport
REF00333,F052,noir,synthetique,raye,hiver,v,standard,classique,soiree
REF00334,F053,vert,laine,uni,mi-saison,rond,standard,chic,soiree
REF00335,F054,vert,coton,imprime,ete,montant,standard,chic,soiree
REF00336,F055,noir,laine,imprime,ete,rond,standard,classique,sport
REF00337,F056,bleu,lin,imprime,ete,rond,standard,sportif,ville
REF00338,F057,rouge,lin,uni,hiver,v,premium,chic,sport
REF00339,F058,vert,lin,imprime,hiver,rond,standard,sportif,soiree
REF00340,F059,vert,coton,raye,hiver,rond,premium,classique,soiree
REF00341,F060,rouge,lin,raye,hiver,rond,premium,classique,sport
REF00342,F061,rouge,lin,raye,hiver,montant,standard,chic,soiree
REF00343,F062,noir,lin,imprime,mi-saison,montant,premium,chic,soiree
REF00344,F063,bleu,coton,raye,hiver,v,standard,chic,soiree
REF00345,F064,bleu,lin,raye,hiver,v,standard,classique,soiree
REF00346,F065,vert,coton,raye,hiver,v,standard,sportif,sport
REF00347,F066,vert,synthetique,imprime,hiver,montant,standard,sportif,ville
REF00348,F067,rouge,synthetique,raye,mi-saison,v,premium,chic,sport
REF00349,F068,rouge,synthetique,raye,ete,montant,standard,classique,sport
REF00350,F069,rouge,coton,imprime,ete,rond,premium,sportif,ville
REF00351,F070,bleu,lin,raye,ete,v,standard,classique,ville
REF00352,F071,noir,laine,raye,ete,montant,standard,classique,ville
REF00353,F072,bleu,synthetique,uni,mi-saison,rond,standard,chic,soiree
REF00354,F073,vert,coton,imprime,mi-saison,v,premium,classique,soiree
REF00355,F074,noir,laine,imprime,ete,montant,standard,chic,sport
REF00356,F075,rouge,coton,uni,ete,montant,premium,sportif,soiree
REF00357,F076,noir,coton,raye,ete,montant,premium,classique,sport
REF00358,F077,rouge,synthetique,imprime,ete,rond,standard,chic,ville
REF00359,F078,noir,synthetique,imprime,hiver,v,premium,sportif,sport
REF00360,F079,vert,coton,uni,hiver,montant,standard,classique,ville
REF00361,F080,vert,lin,raye,ete,montant,premium,classique,sport
REF00362,F081,bleu,synthetique,raye,ete,montant,standard,classique,ville
REF00363,F082,rouge,synthetique,imprime,ete,montant,standard,classique,ville
REF00364,F083,bleu,synthetique,raye,hiver,montant,standard,chic,sport
REF00365,F084,noir,lin,raye,hiver,montant,premium,chic,soiree
REF00366,F085,vert,laine,uni,ete,v,premium,chic,ville
REF00367,F086,bleu,laine,uni,hiver,v,standard,sportif,soiree
REF00368,F087,rouge,lin,uni,mi-saison,rond,premium,sportif,ville
REF00369,F088,noir,lin,imprime,mi-saison,montant,standard,chic,ville
REF00370,F089,rouge,synthetique,imprime,hiver,v,premium,classique,sport
REF00371,F090,vert,synthetique,uni,ete,montant,premium,sportif,ville
REF00372,F091,bleu,laine,uni,hiver,rond,standard,sportif,soiree
REF00373,F092,bleu,synthetique,imprime,hiver,rond,standard,sportif,sport
REF00374,F093,vert,synthetique,raye,hiver,montant,standard,classique,sport
REF00375,F094,rouge,laine,raye,hiver,v,standard,chic,sport
REF00376,F095,vert,laine,uni,ete,montant,premium,sportif,soiree
REF00377,F096,vert,coton,raye,ete,v,premium,chic,sport
REF00378,F097,vert,coton,uni,ete,v,premium,chic,ville
REF00379,F098,vert,laine,imprime,ete,v,premium,chic,soiree
REF00380,F099,bleu,synthetique,raye,mi-saison,v,premium,classique,ville
REF00381,F100,vert,laine,imprime,hiver,rond,standard,classique,soiree
REF00382,F101,noir,laine,uni,mi-saison,montant,standard,sportif,ville
REF00383,F102,vert,laine,imprime,hiver,rond,standard,sportif,sport
REF00384,F103,rouge,coton,uni,mi-saison,rond,standard,classique,soiree
REF00385,F104,vert,synthetique,imprime,mi-saison,v,premium,chic,sport
REF00386,F105,bleu,lin,imprime,ete,v,premium,chic,soiree
REF00387,F106,bleu,coton,raye,mi-saison,rond,standard,classique,soiree
REF00388,F107,bleu,synthetique,raye,ete,rond,standard,sportif,sport
REF00389,F108,vert,laine,uni,hiver,rond,premium,chic,ville
REF00390,F109,rouge,synthetique,raye,ete,rond,standard,sportif,ville
REF00391,F110,noir,synthetique,imprime,hiver,rond,standard,sportif,ville
REF00392,F111,rouge,synthetique,imprime,mi-saison,v,premium,sportif,ville
REF00393,F112,bleu,coton,raye,hiver,v,standard,chic,soiree
REF00394,F113,bleu,synthetique,uni,mi-saison,rond,standard,chic,soiree
REF00395,F114,noir,synthetique,raye,mi-saison,v,standard,sportif,soiree
REF00396,F115,bleu,synthetique,uni,hiver,rond,premium,chic,sport
REF00397,F116,bleu,lin,raye,ete,v,premium,classique,soiree
REF00398,F117,vert,lin,uni,mi-saison,montant,standard,classique,sport
REF00399,F118,rouge,synthetique,imprime,ete,v,standard,classique,soiree
REF00400,F119,vert,lin,imprime,hiver,v,standard,sportif,sport
REF00401,F120,vert,laine,imprime,hiver,rond,premium,classique,soiree
REF00402,F121,bleu,laine,uni,mi-saison,montant,premium,sportif,sport
REF00403,F122,rouge,coton,uni,hiver,v,premium,chic,ville
REF00404,F123,rouge,synthetique,uni,hiver,v,premium,classique,sport
REF00405,F124,rouge,synthetique,imprime,ete,rond,premium,classique,ville
REF00406,F125,vert,coton,uni,mi-saison,montant,premium,sportif,soiree
REF00407,F126,vert,coton,imprime,hiver,v,premium,chic,sport
REF00408,F127,bleu,coton,imprime,hiver,montant,standard,classique,soiree
REF00409,F128,vert,synthetique,raye,hiver,rond,premium,classique,ville
REF00410,F129,vert,lin,uni,mi-saison,rond,premium,sportif,ville
REF00411,F130,noir,coton,raye,hiver,v,standard,chic,soiree
REF00412,F131,noir,synthetique,uni,mi-saison,rond,premium,chic,ville
REF00413,F132,noir,laine,raye,mi-saison,rond,standard,chic,ville
REF00414,F133,rouge,lin,raye,ete,montant,premium,chic,sport
REF00415,F134,noir,lin,uni,ete,v,standard,classique,soiree
REF00416,F135,vert,laine,imprime,ete,montant,standard,chic,sport
REF00417,F136,noir,laine,uni,mi-saison,v,standard,chic,ville
REF00418,F137,rouge,laine,raye,ete,v,premium,chic,sport
REF00419,F138,noir,coton,uni,mi-saison,rond,standard,sportif,soiree
REF00420,F139,noir,coton,raye,ete,montant,premium,chic,sport
REF00421,F000,rouge,coton,uni,mi-saison,v,standard,sportif,ville
REF00422,F001,vert,coton,raye,hiver,montant,premium,chic,sport
REF00423,F002,vert,synthetique,imprime,ete,rond,standard,sportif,soiree
REF00424,F003,vert,coton,raye,ete,v,standard,classique,ville
REF00425,F004,vert,lin,raye,mi-saison,rond,premium,chic,ville
REF00426,F005,noir,lin,imprime,mi-saison,v,standard,sportif,soiree
REF00427,F006,vert,synthetique,raye,hiver,rond,standard,chic,soiree
REF00428,F007,noir,laine,uni,hiver,montant,premium,sportif,soiree
REF00429,F008,bleu,laine,imprime,ete,rond,premium,classique,sport
REF00430,F009,bleu,synthetique,uni,ete,rond,premium,sportif,sport
REF00431,F010,vert,coton,imprime,ete,v,standard,chic,ville
REF00432,F011,rouge,synthetique,uni,mi-saison,montant,standard,sportif,ville
REF00433,F012,noir,coton,raye,ete,rond,premium,classique,ville
REF00434,F013,bleu,coton,imprime,ete,rond,premium,sportif,sport
REF00435,F014,rouge,laine,imprime,ete,montant,standard,sportif,ville
REF00436,F015,bleu,laine,uni,mi-saison,montant,standard,classique,soiree
REF00437,F016,noir,laine,imprime,ete,rond,standard,sportif,soiree
REF00438,F017,rouge,laine,raye,mi-saison,montant,premium,sportif,ville
REF00439,F018,rouge,synthetique,raye,ete,v,standard,sportif,ville
REF00440,F019,noir,lin,uni,mi-saison,v,premium,sportif,ville
REF00441,F020,noir,laine,raye,hiver,v,standard,classique,sport
REF00442,F021,rouge,laine,imprime,hiver,montant,premium,sportif,ville
REF00443,F022,vert,laine,imprime,mi-saison,rond,standard,classique,ville
REF00444,F023,rouge,synthetique,uni,ete,rond,premium,chic,sport
REF00445,F024,vert,laine,raye,mi-saison,montant,premium,classique,sport
REF00446,F025,noir,coton,imprime,mi-saison,montant,premium,classique,soiree
REF00447,F026,vert,lin,uni,mi-saison,rond,standard,chic,ville
REF00448,F027,noir,laine,raye,ete,rond,premium,chic,ville
REF00449,F028,rouge,lin,uni,ete,v,premium,classique,ville
REF00450,F029,noir,lin,uni,mi-saison,rond,standard,sportif,sport
REF00451,F030,rouge,coton,raye,hiver,v,premium,chic,soiree
REF00452,F031,rouge,laine,raye,hiver,montant,standard,sportif,sport
REF00453,F032,rouge,coton,uni,mi-saison,v,standard,classique,ville
REF00454,F033,noir,coton,uni,ete,montant,standard,sportif,soiree
REF00455,F034,rouge,laine,uni,hiver,montant,premium,classique,sport
REF00456,F035,rouge,coton,uni,mi-saison,montant,premium,chic,soiree
REF00457,F036,vert,lin,imprime,mi-saison,v,premium,chic,soiree
REF00458,F037,vert,coton,imprime,mi-saison,montant,premium,sportif,sport
REF00459,F038,vert,laine,imprime,mi-saison,rond,premium,classique,sport
REF00460,F039,rouge,laine,imprime,ete,v,premium,sportif,soiree
REF00461,F040,vert,laine,imprime,hiver,rond,premium,sportif,soiree
REF00462,F041,bleu,synthetique,raye,mi-saison,montant,standard,classique,sport
REF00463,F042,rouge,lin,raye,hiver,rond,premium,classique,soiree
REF00464,F043,bleu,coton,raye,ete,rond,standard,classique,soiree
REF00465,F044,vert,laine,raye,mi-saison,v,premium,chic,ville
REF00466,F045,bleu,lin,uni,hiver,montant,standard,chic,soiree
REF00467,F046,bleu,laine,raye,ete,v,premium,chic,soiree
REF00468,F047,noir,laine,raye,hiver,montant,standard,sportif,sport
REF00469,F048,rouge,lin,raye,hiver,rond,standard,classique,soiree
REF00470,F049,rouge,synthetique,uni,ete,v,standard,classique,soiree
REF00471,F050,rouge,laine,raye,hiver,rond,standard,classique,soiree
REF00472,F051,bleu,lin,imprime,mi-saison,v,standard,classique,ville
REF00473,F052,bleu,synthetique,imprime,mi-saison,rond,premium,chic,soiree
REF00474,F053,vert,synthetique,imprime,ete,rond,standard,chic,soiree
REF00475,F054,rouge,laine,raye,mi-saison,v,premium,classique,soiree
REF00476,F055,noir,laine,imprime,hiver,montant,premium,sportif,soiree
REF00477,F056,noir,coton,uni,mi-saison,montant,standard,chic,soiree
REF00478,F057,noir,synthetique,imprime,mi-saison,v,premium,sportif,sport
REF00479,F058,noir,coton,imprime,hiver,rond,premium,sportif,sport
REF00480,F059,rouge,laine,imprime,hiver,rond,premium,sportif,soiree
REF00481,F060,vert,synthetique,uni,ete,v,standard,classique,sport
REF00482,F061,vert,laine,raye,hiver,rond,standard,sportif,soiree
REF00483,F062,bleu,synthetique,imprime,mi-saison,rond,standard,chic,sport
REF00484,F063,vert,laine,imprime,hiver,rond,premium,classique,ville
REF00485,F064,vert,laine,imprime,mi-saison,montant,premium,classique,ville
REF00486,F065,noir,lin,uni,mi-saison,montant,premium,chic,sport
REF00487,F066,noir,synthetique,imprime,ete,v,standard,sportif,sport
REF00488,F067,bleu,laine,raye,ete,montant,premium,chic,ville
REF00489,F068,noir,laine,raye,hiver,montant,standard,sportif,sport
REF00490,F069,vert,laine,uni,hiver,v,standard,sportif,soiree
REF00491,F070,vert,laine,imprime,ete,montant,premium,chic,sport
REF00492,F071,bleu,coton,imprime,ete,montant,premium,classique,ville
REF00493,F072,vert,lin,imprime,hiver,v,standard,sportif,sport
REF00494,F073,noir,laine,raye,ete,montant,premium,sportif,sport
REF00495,F074,noir,coton,imprime,hiver,montant,standard,chic,sport
REF00496,F075,noir,lin,imprime,hiver,v,premium,sportif,sport
REF00497,F076,noir,laine,raye,hiver,rond,standard,classique,ville
REF00498,F077,bleu,coton,uni,hiver,rond,standard,sportif,sport
REF00499,F078,noir,coton,raye,hiver,montant,premium,sportif,sport
REF00500,F079,rouge,laine,raye,mi-saison,montant,premium,classique,sport
REF00501,F080,bleu,coton,raye,ete,rond,standard,sportif,soiree
REF00502,F081,noir,lin,raye,hiver,v,premium,classique,soiree
REF00503,F082,rouge,synthetique,raye,hiver,v,standard,sportif,soiree
REF00504,F083,noir,laine,uni,hiver,montant,standard,chic,sport
REF00505,F084,vert,laine,imprime,mi-saison,montant,premium,sportif,sport
REF00506,F085,rouge,lin,imprime,ete,montant,premium,classique,ville
REF00507,F086,vert,lin,imprime,ete,v,premium,chic,soiree
REF00508,F087,rouge,laine,imprime,mi-saison,rond,premium,classique,sport
REF00509,F088,rouge,laine,raye,hiver,rond,standard,classique,sport
REF00510,F089,noir,synthetique,uni,hiver,rond,standard,sportif,ville
REF00511,F090,bleu,lin,raye,hiver,v,standard,sportif,soiree
REF00512,F091,rouge,laine,raye,ete,rond,standard,chic,sport
REF00513,F092,rouge,coton,imprime,ete,rond,premium,sportif,soiree
REF00514,F093,vert,laine,raye,hiver,rond,premium,chic,sport
REF00515,F094,bleu,lin,raye,mi-saison,v,premium,sportif,sport
REF00516,F095,noir,laine,uni,mi-saison,montant,standard,classique,soiree
REF00517,F096,rouge,coton,imprime,hiver,rond,standard,sportif,soiree
REF00518,F097,noir,lin,uni,hiver,v,standard,sportif,sport
REF00519,F098,rouge,coton,imprime,mi-saison,v,standard,chic,ville
REF00520,F099,vert,synthetique,uni,mi-saison,montant,standard,chic,soiree
REF00521,F100,rouge,lin,imprime,ete,montant,standard,classique,soiree
REF00522,F101,vert,synthetique,uni,hiver,montant,standard,chic,sport
REF00523,F102,noir,synthetique,imprime,hiver,montant,standard,classique,sport
REF00524,F103,noir,coton,raye,ete,montant,standard,classique,sport
REF00525,F104,noir,coton,raye,mi-saison,montant,premium,chic,sport
REF00526,F105,rouge,laine,raye,hiver,v,premium,chic,soiree
REF00527,F106,vert,synthetique,uni,hiver,rond,standard,sportif,soiree
REF00528,F107,vert,lin,raye,ete,v,standard,chic,sport
REF00529,F108,vert,lin,imprime,mi-saison,v,standard,sportif,ville
REF00530,F109,rouge,synthetique,uni,mi-saison,rond,standard,chic,sport
REF00531,F110,rouge,coton,uni,ete,montant,premium,chic,sport
REF00532,F111,rouge,coton,imprime,mi-saison,rond,premium,classique,ville
REF00533,F112,rouge,coton,uni,ete,v,premium,chic,soiree
REF00534,F113,vert,coton,raye,hiver,v,premium,sportif,ville
REF00535,F114,rouge,coton,imprime,ete,rond,standard,sportif,ville
REF00536,F115,noir,lin,imprime,ete,montant,standard,sportif,sport
REF00537,F116,rouge,laine,imprime,mi-saison,v,standard,classique,sport
REF00538,F117,noir,lin,uni,mi-saison,montant,standard,classique,sport
REF00539,F118,rouge,laine,raye,hiver,rond,standard,classique,sport
REF00540,F119,rouge,lin,imprime,hiver,rond,premium,classique,ville
REF00541,F120,bleu,laine,raye,ete,montant,premium,chic,ville
REF00542,F121,bleu,lin,uni,mi-saison,montant,premium,chic,sport
REF00543,F122,bleu,coton,imprime,mi-saison,v,premium,sportif,soiree
REF00544,F123,rouge,lin,imprime,ete,montant,standard,sportif,ville
REF00545,F124,rouge,coton,uni,ete,v,premium,sportif,ville
REF00546,F125,vert,synthetique,uni,mi-saison,rond,premium,chic,soiree
REF00547,F126,noir,lin,uni,mi-saison,rond,premium,chic,ville
REF00548,F127,rouge,laine,raye,ete,rond,standard,classique,ville
REF00549,F128,bleu,coton,imprime,ete,montant,standard,chic,sport
REF00550,F129,vert,synthetique,uni,mi-saison,rond,premium,sportif,ville
REF00551,F130,rouge,lin,imprime,ete,v,premium,chic,soiree
REF00552,F131,vert,lin,raye,mi-saison,montant,standard,classique,ville
REF00553,F132,bleu,synthetique,imprime,hiver,montant,standard,classique,ville
REF00554,F133,vert,laine,uni,mi-saison,rond,premium,classique,soiree
REF00555,F134,noir,coton,imprime,hiver,rond,premium,chic,sport
REF00556,F135,noir,lin,imprime,hiver,montant,standard,sportif,ville
REF00557,F136,vert,synthetique,uni,ete,rond,premium,sportif,sport
REF00558,F137,bleu,laine,uni,hiver,montant,standard,sportif,soiree
REF00559,F138,vert,synthetique,imprime,mi-saison,rond,premium,classique,sport
REF00560,F139,vert,lin,uni,mi-saison,rond,standard,classique,ville
REF00561,F000,rouge,laine,uni,ete,montant,standard,chic,soiree
REF00562,F001,bleu,synthetique,imprime,ete,v,standard,classique,ville
REF00563,F002,bleu,synthetique,uni,hiver,montant,premium,sportif,sport
REF00564,F003,noir,synthetique,raye,hiver,montant,standard,classique,soiree
REF00565,F004,bleu,coton,raye,hiver,v,premium,chic,soiree
REF00566,F005,noir,coton,raye,ete,montant,premium,chic,ville
REF00567,F006,noir,lin,imprime,hiver,v,premium,sportif,ville
REF00568,F007,rouge,synthetique,imprime,mi-saison,montant,premium,classique,soiree
REF00569,F008,noir,coton,uni,hiver,rond,standard,chic,soiree
REF00570,F009,noir,laine,raye,hiver,rond,standard,chic,sport
REF00571,F010,vert,synthetique,raye,mi-saison,v,premium,chic,soiree
REF00572,F011,bleu,coton,uni,mi-saison,v,standard,sportif,soiree
REF00573,F012,bleu,coton,imprime,ete,montant,standard,classique,sport
REF00574,F013,bleu,lin,raye,mi-saison,rond,premium,classique,ville
REF00575,F014,rouge,coton,raye,ete,montant,standard,chic,ville
REF00576,F015,vert,synthetique,raye,mi-saison,montant,premium,classique,soiree
REF00577,F016,vert,lin,imprime,ete,montant,premium,chic,ville
REF00578,F017,bleu,laine,uni,hiver,montant,standard,classique,soiree
REF00579,F018,rouge,lin,imprime,ete,v,standard,chic,ville
REF00580,F019,rouge,synthetique,imprime,mi-saison,rond,standard,classique,sport
REF00581,F020,noir,synthetique,imprime,ete,montant,standard,sportif,soiree
REF00582,F021,bleu,synthetique,raye,hiver,v,standard,classique,soiree
REF00583,F022,noir,coton,raye,ete,montant,premium,classique,ville
REF00584,F023,noir,lin,uni,mi-saison,montant,premium,classique,sport
REF00585,F024,noir,laine,raye,hiver,v,premium,classique,sport
REF00586,F025,noir,synthetique,uni,ete,v,standard,chic,sport
REF00587,F026,bleu,coton,raye,ete,rond,premium,chic,sport
REF00588,F027,rouge,coton,uni,ete,montant,standard,chic,soiree
REF00589,F028,noir,lin,imprime,ete,montant,standard,classique,soiree
REF00590,F029,rouge,coton,uni,ete,rond,standard,classique,ville
REF00591,F030,bleu,coton,uni,hiver,v,premium,chic,soiree
REF00592,F031,rouge,synthetique,raye,mi-saison,v,standard,sportif,soiree
REF00593,F032,bleu,lin,raye,mi-saison,rond,premium,sportif,soiree
REF00594,F033,noir,laine,uni,hiver,montant,standard,chic,soiree
REF00595,F034,vert,lin,uni,ete,montant,standard,sportif,soiree
REF00596,F035,rouge,synthetique,uni,ete,v,standard,sportif,soiree
REF00597,F036,rouge,synthetique,uni,ete,rond,standard,sportif,soiree
REF00598,F037,rouge,coton,raye,hiver,montant,standard,classique,ville
REF00599,F038,bleu,synthetique,raye,mi-saison,montant,premium,sportif,ville
REF00600,F039,noir,synthetique,raye,ete,montant,standard,sportif,ville
REF00601,F040,rouge,laine,imprime,mi-saison,montant,standard,classique,ville
REF00602,F041,vert,coton,imprime,ete,rond,premium,chic,soiree
REF00603,F042,noir,coton,raye,ete,v,standard,classique,ville
REF00604,F043,rouge,lin,raye,hiver,rond,standard,sportif,sport
REF00605,F044,vert,coton,uni,hiver,v,premium,chic,soiree
REF00606,F045,rouge,coton,imprime,ete,rond,standard,chic,soiree
REF00607,F046,vert,laine,uni,hiver,v,premium,sportif,sport
REF00608,F047,noir,laine,uni,mi-saison,montant,standard,classique,soiree
REF00609,F048,bleu,lin,uni,ete,montant,premium,classique,soiree
REF00610,F049,vert,laine,uni,ete,montant,premium,sportif,sport
REF00611,F050,vert,coton,uni,mi-saison,v,standard,classique,sport
REF00612,F051,rouge,lin,imprime,mi-saison,rond,premium,sportif,ville
REF00613,F052,rouge,lin,uni,mi-saison,rond,standard,chic,soiree
REF00614,F053,bleu,laine,imprime,hiver,rond,premium,sportif,ville
REF00615,F054,bleu,coton,imprime,ete,v,standard,classique,sport
REF00616,F055,rouge,laine,raye,mi-saison,montant,premium,classique,sport
REF00617,F056,vert,synthetique,raye,ete,v,standard,classique,ville
REF00618,F057,rouge,laine,raye,mi-saison,montant,premium,chic,ville
REF00619,F058,vert,coton,uni,hiver,rond,premium,classique,sport
REF00620,F059,bleu,coton,uni,mi-saison,v,standard,classique,ville
REF00621,F060,noir,coton,raye,ete,v,premium,chic,soiree
REF00622,F061,rouge,synthetique,imprime,hiver,montant,standard,chic,soiree
REF00623,F062,noir,synthetique,raye,mi-saison,v,standard,classique,soiree
REF00624,F063,rouge,laine,uni,hiver,montant,premium,sportif,sport
REF00625,F064,vert,coton,raye,hiver,montant,premium,chic,soiree
REF00626,F065,vert,laine,imprime,ete,rond,standard,classique,ville
REF00627,F066,noir,coton,imprime,hiver,rond,standard,sportif,ville
REF00628,F067,bleu,lin,uni,hiver,rond,premium,sportif,ville
REF00629,F068,vert,coton,raye,mi-saison,rond,standard,chic,soiree
REF00630,F069,bleu,lin,imprime,ete,montant,standard,sportif,soiree
REF00631,F070,noir,coton,raye,mi-saison,rond,premium,chic,ville
REF00632,F071,bleu,synthetique,uni,ete,montant,standard,classique,soiree
REF00633,F072,noir,laine,uni,hiver,rond,premium,sportif,ville
REF00634,F073,noir,synthetique,imprime,ete,montant,standard,chic,ville
REF00635,F074,noir,synthetique,raye,hiver,rond,standard,sportif,sport
REF00636,F075,vert,laine,raye,hiver,montant,premium,sportif,ville
REF00637,F076,noir,laine,imprime,ete,montant,standard,chic,sport
REF00638,F077,vert,coton,uni,ete,montant,standard,classique,ville
REF00639,F078,noir,lin,uni,ete,rond,standard,chic,sport
REF00640,F079,noir,lin,imprime,ete,rond,premium,chic,soiree
REF00641,F080,rouge,laine,raye,ete,rond,premium,chic,sport
REF00642,F081,rouge,lin,uni,mi-saison,rond,premium,classique,ville
REF00643,F082,rouge,lin,uni,hiver,montant,standard,chic,sport
REF00644,F083,bleu,laine,raye,ete,montant,premium,classique,soiree
REF00645,F084,noir,synthetique,imprime,ete,rond,standard,sportif,ville
REF00646,F085,rouge,coton,imprime,hiver,rond,standard,sportif,sport
REF00647,F086,bleu,coton,raye,ete,montant,premium,chic,ville
REF00648,F087,vert,lin,imprime,mi-saison,rond,premium,chic,sport
REF00649,F088,bleu,synthetique,imprime,mi-saison,rond,premium,classique,soiree
REF00650,F089,noir,laine,imprime,mi-saison,v,standard,chic,ville
REF00651,F090,bleu,lin,imprime,mi-saison,montant,standard,chic,sport
REF00652,F091,rouge,coton,raye,mi-saison,montant,standard,classique,ville
REF00653,F092,rouge,synthetique,raye,hiver,v,standard,sportif,soiree
REF00654,F093,vert,synthetique,uni,hiver,montant,premium,sportif,sport
REF00655,F094,rouge,laine,imprime,ete,rond,premium,chic,sport
REF00656,F095,noir,laine,uni,ete,v,standard,chic,ville
REF00657,F096,rouge,synthetique,uni,ete,v,standard,classique,soiree
REF00658,F097,vert,lin,imprime,ete,rond,premium,chic,soiree
REF00659,F098,vert,coton,raye,mi-saison,v,premium,sportif,ville
REF00660,F099,vert,synthetique,imprime,hiver,v,premium,sportif,soiree
REF00661,F100,bleu,synthetique,imprime,mi-saison,rond,standard,chic,soiree
REF00662,F101,vert,laine,imprime,hiver,rond,premium,classique,ville
REF00663,F102,vert,lin,imprime,ete,rond,standard,classique,soiree
REF00664,F103,bleu,coton,imprime,mi-saison,v,standard,chic,sport
REF00665,F104,bleu,lin,raye,ete,montant,premium,chic,ville
REF00666,F105,rouge,laine,uni,hiver,rond,premium,sportif,ville
REF00667,F106,noir,laine,imprime,mi-saison,rond,premium,chic,soiree
REF00668,F107,noir,synthetique,raye,hiver,v,premium,classique,ville
REF00669,F108,bleu,coton,imprime,hiver,rond,premium,sportif,sport
REF00670,F109,bleu,lin,uni,ete,rond,premium,chic,ville
REF00671,F110,rouge,coton,raye,ete,montant,premium,chic,ville
REF00672,F111,rouge,coton,uni,mi-saison,montant,premium,chic,sport
REF00673,F112,noir,lin,raye,mi-saison,montant,standard,sportif,soiree
REF00674,F113,rouge,synthetique,imprime,hiver,montant,premium,classique,soiree
REF00675,F114,bleu,coton,imprime,mi-saison,rond,premium,classique,ville
REF00676,F115,bleu,coton,raye,hiver,rond,standard,classique,soiree
REF00677,F116,noir,lin,raye,mi-saison,v,premium,sportif,soiree
REF00678,F117,vert,synthetique,imprime,mi-saison,v,premium,classique,sport
REF00679,F118,vert,synthetique,raye,ete,v,premium,sportif,ville
REF00680,F119,noir,synthetique,imprime,hiver,rond,standard,chic,ville
REF00681,F120,vert,laine,uni,mi-saison,rond,premium,classique,ville
REF00682,F121,vert,synthetique,raye,ete,v,standard,classique,soiree
REF00683,F122,rouge,lin,raye,ete,rond,standard,sportif,ville
REF00684,F123,vert,coton,uni,hiver,v,premium,classique,ville
REF00685,F124,bleu,coton,raye,hiver,v,premium,sportif,soiree
REF00686,F125,noir,lin,raye,hiver,montant,standard,classique,ville
REF00687,F126,vert,synthetique,uni,mi-saison,v,standard,sportif,ville
REF00688,F127,bleu,coton,uni,mi-saison,v,premium,classique,soiree
REF00689,F128,vert,laine,uni,hiver,rond,premium,classique,ville
REF00690,F129,noir,lin,uni,mi-saison,montant,premium,sportif,soiree
REF00691,F130,vert,lin,raye,hiver,montant,standard,sportif,soiree
REF00692,F131,rouge,coton,raye,hiver,montant,premium,chic,soiree
REF00693,F132,vert,lin,raye,ete,v,premium,classique,soiree
REF00694,F133,bleu,coton,raye,hiver,montant,standard,sportif,sport
REF00695,F134,rouge,coton,imprime,hiver,montant,premium,classique,sport
REF00696,F135,noir,lin,imprime,hiver,v,premium,sportif,sport
REF00697,F136,bleu,coton,raye,mi-saison,v,standard,classique,soiree
REF00698,F137,bleu,coton,uni,mi-saison,rond,premium,sportif,ville
REF00699,F138,bleu,coton,imprime,ete,v,standard,sportif,sport
REF00700,F139,rouge,coton,uni,mi-saison,v,standard,classique,soiree
REF00701,F000,rouge,lin,uni,hiver,montant,premium,chic,ville
REF00702,F001,vert,laine,raye,hiver,v,standard,chic,sport
REF00703,F002,rouge,coton,uni,ete,rond,standard,sportif,ville
REF00704,F003,noir,lin,raye,ete,montant,standard,classique,sport
REF00705,F004,noir,lin,uni,mi-saison,montant,premium,classique,ville
REF00706,F005,bleu,coton,uni,ete,rond,premium,chic,soiree
REF00707,F006,bleu,synthetique,imprime,ete,rond,standard,chic,sport
REF00708,F007,bleu,lin,imprime,hiver,rond,premium,sportif,ville
REF00709,F008,rouge,synthetique,imprime,ete,rond,premium,sportif,ville
REF00710,F009,noir,laine,imprime,mi-saison,rond,standard,sportif,soiree
REF00711,F010,vert,laine,raye,ete,v,premium,chic,ville
REF00712,F011,rouge,lin,imprime,ete,montant,premium,chic,ville
REF00713,F012,vert,synthetique,imprime,hiver,montant,standard,chic,ville
REF00714,F013,rouge,lin,imprime,ete,montant,premium,classique,soiree
REF00715,F014,vert,laine,raye,ete,montant,premium,classique,soiree
REF00716,F015,bleu,laine,raye,ete,v,premium,chic,ville
REF00717,F016,rouge,coton,raye,ete,rond,standard,sportif,soiree
REF00718,F017,bleu,synthetique,imprime,hiver,montant,premium,sportif,soiree
REF00719,F018,rouge,laine,imprime,ete,montant,standard,chic,ville
REF00720,F019,noir,coton,raye,hiver,rond,premium,sportif,ville
REF00721,F020,rouge,synthetique,raye,hiver,rond,standard,chic,soiree
REF00722,F021,noir,lin,uni,mi-saison,rond,standard,sportif,ville
REF00723,F022,vert,laine,imprime,mi-saison,montant,standard,sportif,sport
REF00724,F023,rouge,lin,raye,ete,v,premium,sportif,sport
REF00725,F024,vert,coton,raye,ete,v,standard,sportif,sport
REF00726,F025,rouge,synthetique,imprime,ete,rond,premium,sportif,soiree
REF00727,F026,rouge,coton,uni,hiver,v,premium,sportif,ville
REF00728,F027,vert,coton,raye,ete,v,standard,classique,sport
REF00729,F028,rouge,coton,imprime,hiver,montant,premium,chic,sport
REF00730,F029,rouge,synthetique,raye,ete,montant,premium,classique,ville
REF00731,F030,vert,laine,imprime,mi-saison,rond,premium,sportif,sport
REF00732,F031,vert,coton,imprime,hiver,montant,premium,chic,ville
REF00733,F032,vert,coton,raye,ete,v,premium,chic,ville
REF00734,F033,rouge,lin,uni,ete,v,standard,sportif,ville
REF00735,F034,bleu,synthetique,imprime,ete,rond,standard,chic,ville
REF00736,F035,vert,lin,uni,ete,v,standard,chic,sport
REF00737,F036,vert,coton,raye,mi-saison,montant,premium,classique,soiree
REF00738,F037,bleu,coton,uni,ete,v,premium,classique,ville
REF00739,F038,noir,lin,raye,ete,rond,standard,classique,soiree
REF00740,F039,rouge,synthetique,uni,ete,rond,standard,sportif,sport
REF00741,F040,noir,coton,imprime,mi-saison,montant,standard,sportif,soiree
REF00742,F041,vert,lin,uni,mi-saison,montant,premium,classique,ville
REF00743,F042,vert,synthetique,raye,mi-saison,v,premium,sportif,sport
REF00744,F043,noir,synthetique,raye,hiver,montant,premium,classique,soiree
REF00745,F044,vert,synthetique,uni,mi-saison,montant,premium,classique,ville
REF00746,F045,rouge,synthetique,imprime,ete,rond,standard,sportif,ville
REF00747,F046,noir,coton,uni,mi-saison,montant,premium,chic,sport
REF00748,F047,vert,synthetique,imprime,hiver,rond,premium,classique,ville
REF00749,F048,bleu,synthetique,imprime,ete,montant,standard,classique,ville
REF00750,F049,vert,coton,uni,ete,rond,standard,sportif,ville
REF00751,F050,bleu,lin,imprime,mi-saison,rond,standard,sportif,ville
REF00752,F051,bleu,lin,raye,hiver,v,premium,sportif,soiree
REF00753,F052,noir,synthetique,imprime,ete,v,standard,sportif,sport
REF00754,F053,bleu,synthetique,uni,hiver,rond,premium,chic,ville
REF00755,F054,rouge,lin,uni,ete,rond,standard,classique,ville
REF00756,F055,noir,lin,uni,hiver,montant,premium,classique,ville
REF00757,F056,noir,laine,imprime,mi-saison,rond,standard,chic,soiree
REF00758,F057,vert,coton,uni,mi-saison,rond,premium,sportif,ville
REF00759,F058,rouge,coton,imprime,ete,v,premium,sportif,ville
REF00760,F059,bleu,synthetique,raye,hiver,v,premium,classique,soiree
REF00761,F060,noir,coton,imprime,mi-saison,v,premium,classique,sport
REF00762,F061,rouge,laine,raye,mi-saison,montant,premium,classique,sport
REF00763,F062,noir,coton,imprime,hiver,rond,standard,sportif,soiree
REF00764,F063,noir,lin,imprime,hiver,v,standard,sportif,soiree
REF00765,F064,noir,synthetique,uni,mi-saison,montant,standard,sportif,soiree
REF00766,F065,bleu,synthetique,imprime,hiver,montant,standard,chic,ville
REF00767,F066,noir,synthetique,raye,mi-saison,v,premium,classique,sport
REF00768,F067,rouge,laine,uni,ete,montant,standard,classique,soiree
REF00769,F068,bleu,laine,uni,mi-saison,rond,standard,classique,soiree
REF00770,F069,rouge,lin,imprime,ete,montant,premium,sportif,ville
REF00771,F070,rouge,coton,raye,mi-saison,rond,premium,chic,soiree
REF00772,F071,rouge,coton,imprime,mi-saison,rond,standard,sportif,sport
REF00773,F072,rouge,laine,uni,hiver,montant,standard,classique,sport
REF00774,F073,vert,laine,raye,hiver,montant,standard,sportif,soiree
REF00775,F074,vert,synthetique,raye,hiver,rond,standard,sportif,sport
REF00776,F075,bleu,coton,imprime,hiver,rond,premium,classique,ville
REF00777,F076,noir,lin,uni,ete,montant,standard,classique,soiree
REF00778,F077,bleu,coton,uni,hiver,v,premium,sportif,soiree
REF00779,F078,bleu,laine,imprime,ete,rond,standard,chic,soiree
REF00780,F079,vert,laine,imprime,hiver,rond,premium,classique,sport
REF00781,F080,rouge,coton,uni,mi-saison,rond,premium,classique,ville
REF00782,F081,bleu,coton,uni,mi-saison,v,standard,classique,soiree
REF00783,F082,vert,lin,imprime,ete,rond,standard,chic,soiree
REF00784,F083,noir,lin,raye,hiver,montant,standard,classique,sport
REF00785,F084,noir,synthetique,uni,mi-saison,montant,standard,sportif,ville
REF00786,F085,noir,lin,imprime,mi-saison,rond,standard,chic,sport
REF00787,F086,bleu,laine,imprime,ete,v,standard,chic,soiree
REF00788,F087,rouge,lin,imprime,mi-saison,rond,standard,chic,ville
REF00789,F088,vert,synthetique,raye,hiver,rond,standard,classique,ville
REF00790,F089,noir,laine,uni,hiver,v,premium,classique,ville
REF00791,F090,vert,coton,raye,mi-saison,v,standard,classique,sport
REF00792,F091,vert,lin,imprime,hiver,rond,premium,sportif,soiree
REF00793,F092,rouge,coton,raye,ete,montant,standard,chic,soiree
REF00794,F093,vert,lin,imprime,ete,montant,premium,sportif,sport
REF00795,F094,vert,synthetique,uni,ete,rond,standard,classique,soiree
REF00796,F095,bleu,synthetique,raye,hiver,montant,standard,sportif,ville
REF00797,F096,noir,synthetique,uni,mi-saison,v,standard,sportif,soiree
REF00798,F097,rouge,synthetique,imprime,mi-saison,montant,premium,sportif,soiree
REF00799,F098,noir,lin,uni,hiver,v,premium,sportif,sport
REF00800,F099,rouge,synthetique,uni,ete,montant,standard,classique,soiree
REF00801,F100,bleu,coton,imprime,hiver,v,premium,classique,soiree
REF00802,F101,bleu,lin,imprime,mi-saison,rond,standard,chic,soiree
REF00803,F102,rouge,laine,raye,hiver,rond,standard,sportif,sport
REF00804,F103,rouge,synthetique,uni,hiver,rond,premium,sportif,soiree
REF00805,F104,vert,lin,uni,mi-saison,montant,premium,sportif,ville
REF00806,F105,vert,lin,raye,mi-saison,v,premium,sportif,soiree
REF00807,F106,bleu,coton,uni,hiver,montant,standard,classique,sport
REF00808,F107,bleu,synthetique,imprime,mi-saison,montant,standard,classique,soiree
REF00809,F108,noir,coton,raye,hiver,v,standard,chic,ville
REF00810,F109,bleu,lin,uni,ete,rond,standard,classique,ville
REF00811,F110,bleu,synthetique,imprime,ete,montant,standard,classique,soiree
REF00812,F111,rouge,coton,uni,ete,montant,standard,classique,sport
REF00813,F112,vert,coton,uni,mi-saison,montant,standard,chic,ville
REF00814,F113,noir,synthetique,imprime,mi-saison,montant,premium,sportif,soiree
REF00815,F114,bleu,laine,uni,hiver,v,standard,classique,sport
REF00816,F115,rouge,synthetique,uni,mi-saison,rond,premium,sportif,sport
REF00817,F116,bleu,laine,uni,hiver,v,standard,chic,sport
REF00818,F117,noir,laine,uni,hiver,v,standard,sportif,ville
REF00819,F118,noir,laine,uni,ete,rond,standard,classique,soiree
REF00820,F119,noir,lin,imprime,hiver,montant,standard,sportif,soiree
REF00821,F120,bleu,lin,uni,ete,rond,premium,sportif,sport
REF00822,F121,bleu,lin,raye,ete,rond,premium,sportif,sport
REF00823,F122,rouge,coton,imprime,hiver,montant,standard,sportif,sport
REF00824,F123,vert,coton,uni,ete,v,premium,chic,ville
REF00825,F124,bleu,synthetique,raye,mi-saison,v,standard,chic,sport
REF00826,F125,vert,laine,imprime,hiver,montant,standard,sportif,ville
REF00827,F126,bleu,laine,uni,mi-saison,v,standard,chic,soiree
REF00828,F127,rouge,laine,uni,ete,v,premium,classique,sport
REF00829,F128,vert,coton,uni,ete,montant,standard,chic,soiree
REF00830,F129,bleu,coton,uni,mi-saison,rond,premium,chic,ville
REF00831,F130,noir,coton,uni,ete,v,premium,sportif,soiree
REF00832,F131,rouge,laine,raye,ete,rond,premium,chic,sport
REF00833,F132,bleu,laine,imprime,ete,v,standard,chic,ville
REF00834,F133,noir,coton,raye,ete,rond,standard,chic,soiree
REF00835,F134,vert,synthetique,imprime,hiver,v,standard,classique,ville
REF00836,F135,noir,lin,raye,mi-saison,v,standard,sportif,ville
REF00837,F136,vert,laine,raye,hiver,rond,premium,classique,sport
REF00838,F137,rouge,coton,imprime,hiver,v,standard,chic,sport
REF00839,F138,noir,coton,uni,ete,montant,standard,sportif,ville
REF00840,F139,bleu,synthetique,imprime,hiver,v,premium,classique,soiree
REF00841,F000,vert,lin,uni,hiver,montant,premium,classique,ville
REF00842,F001,rouge,synthetique,imprime,ete,v,premium,classique,sport
REF00843,F002,noir,laine,raye,hiver,rond,standard,sportif,sport
REF00844,F003,bleu,synthetique,uni,mi-saison,v,premium,classique,soiree
REF00845,F004,bleu,lin,raye,ete,rond,premium,chic,ville
REF00846,F005,noir,coton,imprime,hiver,montant,premium,chic,soiree
REF00847,F006,noir,synthetique,imprime,hiver,rond,standard,sportif,sport
REF00848,F007,vert,coton,imprime,mi-saison,v,premium,sportif,sport
REF00849,F008,noir,laine,uni,ete,rond,premium,sportif,sport
REF00850,F009,noir,laine,imprime,ete,v,standard,sportif,sport
REF00851,F010,rouge,synthetique,imprime,mi-saison,v,premium,chic,soiree
REF00852,F011,rouge,laine,uni,hiver,rond,premium,classique,ville
REF00853,F012,noir,lin,raye,ete,rond,premium,classique,sport
REF00854,F013,vert,synthetique,imprime,mi-saison,v,standard,classique,soiree
REF00855,F014,bleu,coton,raye,mi-saison,rond,standard,sportif,soiree
REF00856,F015,noir,lin,imprime,hiver,montant,standard,chic,ville
REF00857,F016,vert,laine,imprime,hiver,montant,premium,chic,soiree
REF00858,F017,bleu,laine,uni,mi-saison,rond,premium,chic,sport
REF00859,F018,noir,laine,imprime,mi-saison,montant,premium,sportif,sport
REF00860,F019,noir,lin,raye,hiver,montant,premium,classique,ville
REF00861,F020,noir,laine,imprime,hiver,montant,premium,chic,sport
REF00862,F021,bleu,lin,raye,ete,v,standard,chic,soiree
REF00863,F022,vert,coton,raye,hiver,v,premium,classique,soiree
REF00864,F023,vert,synthetique,raye,ete,v,premium,chic,sport
REF00865,F024,vert,synthetique,imprime,ete,v,standard,chic,ville
REF00866,F025,bleu,lin,imprime,hiver,rond,premium,classique,sport
REF00867,F026,vert,laine,uni,hiver,montant,standard,chic,ville
REF00868,F027,rouge,laine,imprime,ete,montant,standard,sportif,soiree
REF00869,F028,vert,synthetique,uni,mi-saison,rond,standard,sportif,soiree
REF00870,F029,noir,coton,raye,ete,montant,standard,chic,ville
REF00871,F030,noir,lin,uni,mi-saison,rond,premium,chic,soiree
REF00872,F031,bleu,laine,uni,ete,rond,standard,classique,ville
REF00873,F032,bleu,synthetique,uni,hiver,v,premium,classique,soiree
REF00874,F033,rouge,laine,uni,ete,rond,premium,classique,sport
REF00875,F034,rouge,synthetique,uni,hiver,rond,standard,sportif,ville
REF00876,F035,bleu,synthetique,raye,ete,montant,premium,sportif,soiree
REF00877,F036,vert,coton,uni,ete,rond,standard,classique,soiree
REF00878,F037,rouge,synthetique,imprime,hiver,montant,premium,classique,ville
REF00879,F038,rouge,laine,raye,hiver,rond,premium,classique,sport
REF00880,F039,vert,laine,imprime,mi-saison,montant,premium,sportif,ville
REF00881,F040,bleu,lin,raye,mi-saison,v,premium,sportif,soiree
REF00882,F041,bleu,coton,uni,hiver,v,standard,sportif,soiree
REF00883,F042,noir,lin,uni,ete,rond,standard,classique,sport
REF00884,F043,rouge,lin,uni,hiver,rond,standard,classique,soiree
REF00885,F044,rouge,coton,imprime,ete,rond,premium,sportif,sport
REF00886,F045,vert,lin,uni,mi-saison,rond,premium,sportif,sport
REF00887,F046,rouge,synthetique,raye,ete,montant,standard,classique,soiree
REF00888,F047,noir,synthetique,raye,hiver,rond,premium,sportif,soiree
REF00889,F048,vert,lin,imprime,ete,v,premium,chic,sport
REF00890,F049,noir,coton,imprime,ete,montant,premium,classique,sport
REF00891,F050,noir,lin,imprime,hiver,rond,standard,sportif,soiree
REF00892,F051,bleu,lin,uni,mi-saison,rond,standard,chic,ville
REF00893,F052,rouge,lin,raye,ete,rond,premium,sportif,soiree
REF00894,F053,vert,synthetique,uni,ete,montant,premium,chic,ville
REF00895,F054,rouge,lin,imprime,mi-saison,rond,standard,sportif,sport
REF00896,F055,bleu,coton,imprime,ete,rond,premium,classique,soiree
REF00897,F056,noir,coton,raye,hiver,v,premium,classique,soiree
REF00898,F057,vert,synthetique,raye,hiver,v,standard,sportif,ville
REF00899,F058,bleu,laine,uni,hiver,rond,standard,sportif,sport
REF00900,F059,rouge,synthetique,raye,mi-saison,rond,premium,sportif,soiree
REF00901,F060,bleu,lin,raye,mi-saison,rond,premium,chic,sport
REF00902,F061,noir,synthetique,imprime,mi-saison,montant,standard,sportif,sport
REF00903,F062,rouge,laine,uni,hiver,v,standard,sportif,ville
REF00904,F063,noir,lin,uni,ete,rond,premium,chic,soiree
REF00905,F064,bleu,coton,uni,ete,rond,standard,classique,sport
REF00906,F065,noir,synthetique,raye,hiver,montant,premium,classique,soiree
REF00907,F066,noir,synthetique,imprime,ete,rond,premium,sportif,sport
REF00908,F067,rouge,coton,uni,ete,v,premium,chic,soiree
REF00909,F068,vert,coton,raye,mi-saison,v,standard,classique,soiree
REF00910,F069,vert,lin,imprime,mi-saison,v,standard,chic,soiree
REF00911,F070,bleu,laine,imprime,mi-saison,v,premium,chic,ville
REF00912,F071,noir,coton,uni,mi-saison,v,premium,chic,sport
REF00913,F072,vert,lin,uni,hiver,montant,premium,classique,soiree
REF00914,F073,noir,synthetique,imprime,ete,rond,standard,sportif,sport
REF00915,F074,bleu,coton,raye,hiver,rond,standard,sportif,soiree
REF00916,F075,vert,lin,raye,mi-saison,montant,premium,chic,ville
REF00917,F076,noir,coton,imprime,hiver,v,premium,classique,soiree
REF00918,F077,bleu,lin,imprime,hiver,montant,standard,classique,ville
REF00919,F078,vert,coton,raye,hiver,rond,standard,sportif,ville
REF00920,F079,noir,coton,uni,mi-saison,montant,premium,sportif,soiree
REF00921,F080,noir,laine,imprime,mi-saison,montant,standard,chic,ville
REF00922,F081,bleu,synthetique,raye,hiver,montant,standard,sportif,sport
REF00923,F082,rouge,synthetique,uni,mi-saison,montant,standard,classique,soiree
REF00924,F083,rouge,lin,raye,ete,rond,premium,classique,soiree
REF00925,F084,vert,laine,raye,hiver,montant,premium,chic,ville
REF00926,F085,bleu,coton,uni,hiver,montant,standard,sportif,ville
REF00927,F086,noir,synthetique,uni,hiver,rond,premium,sportif,ville
REF00928,F087,vert,lin,imprime,hiver,rond,standard,classique,soiree
REF00929,F088,vert,coton,raye,hiver,montant,standard,classique,soiree
REF00930,F089,vert,lin,imprime,mi-saison,montant,standard,chic,ville
REF00931,F090,bleu,laine,uni,mi-saison,montant,premium,chic,soiree
REF00932,F091,vert,laine,uni,hiver,rond,premium,sportif,ville
REF00933,F092,noir,lin,imprime,mi-saison,v,premium,sportif,soiree
REF00934,F093,rouge,coton,uni,hiver,rond,standard,sportif,soiree
REF00935,F094,vert,coton,uni,hiver,v,standard,classique,soiree
REF00936,F095,rouge,laine,uni,hiver,montant,premium,sportif,soiree
REF00937,F096,rouge,lin,imprime,mi-saison,v,standard,chic,ville
REF00938,F097,vert,coton,raye,mi-saison,montant,premium,chic,soiree
REF00939,F098,rouge,laine,raye,ete,montant,standard,chic,sport
REF00940,F099,noir,lin,imprime,hiver,rond,standard,chic,sport
REF00941,F100,noir,laine,raye,mi-saison,rond,standard,sportif,ville
REF00942,F101,bleu,lin,raye,mi-saison,montant,standard,sportif,sport
REF00943,F102,bleu,coton,imprime,ete,v,standard,classique,sport
REF00944,F103,rouge,lin,imprime,hiver,v,premium,sportif,soiree
REF00945,F104,noir,synthetique,imprime,mi-saison,rond,standard,chic,soiree
REF00946,F105,noir,synthetique,uni,mi-saison,rond,premium,sportif,sport
REF00947,F106,vert,synthetique,raye,hiver,montant,standard,chic,sport
REF00948,F107,rouge,laine,imprime,hiver,montant,standard,sportif,soiree
REF00949,F108,bleu,coton,uni,ete,rond,premium,classique,soiree
REF00950,F109,vert,coton,raye,ete,rond,premium,classique,ville
REF00951,F110,rouge,coton,raye,mi-saison,v,premium,chic,sport
REF00952,F111,rouge,laine,uni,ete,v,standard,sportif,soiree
REF00953,F112,vert,laine,raye,mi-saison,v,standard,chic,sport
REF00954,F113,bleu,synthetique,uni,hiver,v,standard,classique,sport
REF00955,F114,vert,coton,imprime,hiver,v,premium,chic,ville
REF00956,F115,vert,coton,imprime,mi-saison,montant,standard,chic,ville
REF00957,F116,rouge,synthetique,raye,ete,v,standard,chic,soiree
REF00958,F117,vert,lin,uni,mi-saison,rond,premium,classique,soiree
REF00959,F118,noir,coton,uni,hiver,rond,standard,chic,sport
REF00960,F119,bleu,laine,raye,ete,montant,standard,sportif,ville
REF00961,F120,rouge,lin,uni,ete,v,premium,chic,ville
REF00962,F121,bleu,laine,raye,mi-saison,rond,premium,sportif,ville
REF00963,F122,noir,coton,raye,ete,v,standard,classique,sport
REF00964,F123,noir,coton,imprime,hiver,v,premium,classique,sport
REF00965,F124,bleu,synthetique,imprime,hiver,montant,premium,sportif,sport
REF00966,F125,bleu,lin,imprime,hiver,montant,premium,chic,ville
REF00967,F126,rouge,lin,uni,mi-saison,v,standard,chic,sport
REF00968,F127,noir,coton,uni,mi-saison,montant,premium,chic,sport
REF00969,F128,vert,synthetique,imprime,mi-saison,v,standard,classique,sport
REF00970,F129,vert,coton,imprime,ete,montant,standard,classique,sport
REF00971,F130,bleu,coton,uni,ete,v,standard,classique,soiree
REF00972,F131,vert,lin,raye,ete,v,standard,chic,ville
REF00973,F132,noir,synthetique,raye,hiver,rond,standard,chic,soiree
REF00974,F133,rouge,lin,uni,hiver,montant,standard,chic,soiree
REF00975,F134,rouge,synthetique,uni,mi-saison,rond,standard,classique,soiree
REF00976,F135,noir,lin,raye,hiver,montant,premium,chic,soiree
REF00977,F136,vert,synthetique,raye,mi-saison,v,standard,classique,soiree
REF00978,F137,noir,lin,imprime,ete,v,premium,chic,soiree
REF00979,F138,noir,synthetique,imprime,ete,v,standard,classique,sport
REF00980,F139,noir,coton,uni,ete,rond,premium,sportif,sport
REF00981,F000,rouge,coton,raye,ete,v,standard,sportif,sport
REF00982,F001,noir,laine,uni,mi-saison,v,standard,chic,soiree
REF00983,F002,vert,synthetique,raye,mi-saison,v,standard,classique,soiree
REF00984,F003,vert,coton,raye,mi-saison,montant,standard,classique,ville
REF00985,F004,noir,lin,imprime,ete,montant,standard,classique,soiree
REF00986,F005,rouge,coton,uni,hiver,montant,standard,classique,sport
REF00987,F006,rouge,laine,uni,hiver,rond,standard,sportif,soiree
REF00988,F007,bleu,coton,imprime,ete,rond,standard,sportif,sport
REF00989,F008,rouge,synthetique,imprime,ete,rond,premium,sportif,sport
REF00990,F009,vert,synthetique,imprime,mi-saison,montant,standard,sportif,ville
REF00991,F010,noir,laine,raye,mi-saison,v,standard,chic,ville
REF00992,F011,bleu,laine,imprime,ete,rond,premium,chic,sport
REF00993,F012,rouge,lin,raye,mi-saison,montant,premium,chic,soiree
REF00994,F013,bleu,synthetique,uni,mi-saison,rond,premium,chic,soiree
REF00995,F014,noir,coton,raye,ete,rond,premium,sportif,ville
REF00996,F015,bleu,laine,raye,mi-saison,rond,premium,chic,sport
REF00997,F016,rouge,coton,raye,ete,rond,premium,classique,ville
REF00998,F017,rouge,synthetique,imprime,hiver,montant,standard,sportif,ville
REF00999,F018,rouge,synthetique,uni,mi-saison,v,standard,classique,ville
REF01000,F019,noir,synthetique,imprime,mi-saison,rond,standard,classique,ville
REF01001,F020,vert,synthetique,imprime,hiver,v,standard,classique,sport
REF01002,F021,bleu,coton,imprime,hiver,rond,premium,classique,ville
REF01003,F022,vert,lin,imprime,mi-saison,v,standard,sportif,sport
REF01004,F023,vert,synthetique,raye,ete,montant,standard,sportif,ville
REF01005,F024,bleu,laine,raye,hiver,rond,standard,classique,ville
REF01006,F025,vert,lin,uni,ete,v,standard,chic,ville
REF01007,F026,vert,lin,raye,mi-saison,v,premium,chic,sport
REF01008,F027,bleu,synthetique,uni,hiver,montant,standard,chic,ville
REF01009,F028,bleu,laine,imprime,ete,montant,standard,classique,sport
REF01010,F029,vert,lin,imprime,ete,v,premium,classique,sport
REF01011,F030,noir,lin,raye,hiver,v,standard,classique,ville
REF01012,F031,bleu,lin,uni,ete,montant,standard,chic,soiree
REF01013,F032,vert,coton,raye,mi-saison,v,premium,classique,ville
REF01014,F033,vert,synthetique,imprime,hiver,montant,premium,sportif,sport
REF01015,F034,rouge,synthetique,imprime,mi-saison,v,premium,sportif,ville
REF01016,F035,noir,synthetique,imprime,hiver,v,premium,chic,sport
REF01017,F036,rouge,laine,raye,mi-saison,v,standard,sportif,ville
REF01018,F037,vert,coton,raye,ete,montant,premium,sportif,soiree
REF01019,F038,vert,laine,imprime,mi-saison,rond,standard,sportif,soiree
REF01020,F039,bleu,lin,uni,hiver,v,premium,sportif,soiree
REF01021,F040,vert,laine,uni,mi-saison,rond,premium,sportif,soiree
REF01022,F041,vert,lin,raye,hiver,montant,premium,classique,soiree
REF01023,F042,noir,synthetique,raye,ete,rond,standard,chic,soiree
REF01024,F043,rouge,synthetique,uni,mi-saison,montant,premium,sportif,ville
REF01025,F044,noir,coton,imprime,hiver,montant,premium,sportif,sport
REF01026,F045,rouge,laine,uni,ete,rond,premium,classique,sport
REF01027,F046,vert,coton,uni,hiver,montant,standard,sportif,soiree
REF01028,F047,vert,synthetique,imprime,hiver,rond,standard,classique,soiree
REF01029,F048,vert,coton,raye,hiver,v,standard,sportif,sport
REF01030,F049,bleu,lin,raye,hiver,montant,premium,chic,ville
REF01031,F050,vert,synthetique,raye,hiver,montant,standard,classique,ville
REF01032,F051,rouge,lin,uni,ete,v,standard,sportif,sport
REF01033,F052,noir,coton,raye,hiver,montant,premium,sportif,soiree
REF01034,F053,bleu,synthetique,raye,hiver,montant,standard,classique,soiree
REF01035,F054,vert,laine,uni,ete,rond,premium,sportif,ville
REF01036,F055,noir,laine,imprime,hiver,montant,premium,classique,soiree
REF01037,F056,bleu,synthetique,imprime,ete,rond,premium,classique,sport
REF01038,F057,vert,synthetique,raye,mi-saison,rond,premium,chic,ville
REF01039,F058,vert,lin,raye,mi-saison,v,standard,classique,soiree
REF01040,F059,vert,coton,raye,ete,montant,premium,sportif,sport
REF01041,F060,bleu,lin,raye,mi-saison,rond,premium,classique,soiree
REF01042,F061,rouge,coton,imprime,hiver,montant,standard,chic,sport
REF01043,F062,rouge,coton,imprime,mi-saison,rond,premium,sportif,sport
REF01044,F063,noir,lin,uni,ete,v,premium,sportif,ville
REF01045,F064,bleu,coton,imprime,mi-saison,rond,standard,classique,ville
REF01046,F065,vert,laine,uni,hiver,montant,premium,chic,sport
REF01047,F066,bleu,coton,imprime,ete,rond,standard,classique,sport
REF01048,F067,bleu,laine,raye,mi-saison,montant,premium,chic,ville
REF01049,F068,vert,synthetique,imprime,hiver,v,standard,chic,soiree
REF01050,F069,vert,coton,raye,hiver,v,premium,sportif,ville
REF01051,F070,vert,lin,uni,ete,rond,standard,sportif,ville
REF01052,F071,bleu,laine,raye,hiver,rond,premium,classique,ville
REF01053,F072,rouge,lin,imprime,ete,rond,standard,classique,ville
REF01054,F073,rouge,laine,uni,hiver,v,standard,chic,sport
REF01055,F074,bleu,synthetique,uni,hiver,montant,premium,classique,sport
REF01056,F075,vert,synthetique,imprime,hiver,rond,premium,classique,sport
REF01057,F076,rouge,coton,uni,ete,v,standard,classique,ville
REF01058,F077,rouge,lin,imprime,hiver,montant,premium,classique,soiree
REF01059,F078,rouge,coton,uni,hiver,v,premium,sportif,sport
REF01060,F079,noir,lin,imprime,ete,montant,standard,sportif,soiree
REF01061,F080,bleu,synthetique,imprime,mi-saison,rond,premium,classique,soiree
REF01062,F081,vert,synthetique,raye,hiver,v,standard,sportif,soiree
REF01063,F082,noir,coton,uni,mi-saison,v,premium,sportif,ville
REF01064,F083,bleu,lin,imprime,hiver,v,premium,chic,soiree
REF01065,F084,bleu,coton,uni,ete,montant,premium,chic,ville
REF01066,F085,rouge,synthetique,imprime,ete,rond,standard,sportif,ville
REF01067,F086,vert,laine,uni,hiver,montant,premium,sportif,ville
REF01068,F087,noir,lin,imprime,ete,v,standard,classique,sport
REF01069,F088,vert,synthetique,uni,mi-saison,v,premium,sportif,soiree
REF01070,F089,rouge,lin,uni,ete,montant,premium,sportif,soiree
REF01071,F090,rouge,coton,imprime,mi-saison,montant,standard,classique,sport
REF01072,F091,rouge,coton,raye,ete,rond,premium,sportif,ville
REF01073,F092,bleu,synthetique,raye,hiver,montant,premium,chic,ville
REF01074,F093,vert,lin,uni,ete,v,standard,sportif,sport
REF01075,F094,noir,laine,uni,ete,rond,standard,chic,sport
REF01076,F095,noir,synthetique,raye,ete,v,standard,chic,ville
REF01077,F096,vert,coton,imprime,ete,v,premium,sportif,sport
REF01078,F097,rouge,coton,uni,hiver,montant,premium,classique,soiree
REF01079,F098,vert,coton,uni,hiver,montant,standard,chic,soiree
REF01080,F099,rouge,coton,imprime,hiver,montant,premium,chic,soiree
REF01081,F100,vert,coton,raye,ete,v,standard,sportif,ville
REF01082,F101,bleu,synthetique,imprime,ete,rond,premium,classique,sport
REF01083,F102,rouge,coton,raye,ete,montant,premium,sportif,ville
REF01084,F103,bleu,coton,uni,mi-saison,montant,standard,sportif,sport
REF01085,F104,vert,coton,raye,ete,v,premium,classique,ville
REF01086,F105,rouge,synthetique,uni,ete,rond,premium,chic,ville
REF01087,F106,rouge,lin,imprime,ete,montant,standard,classique,soiree
REF01088,F107,noir,synthetique,raye,hiver,montant,premium,sportif,sport
REF01089,F108,rouge,lin,imprime,hiver,v,premium,classique,soiree
REF01090,F109,bleu,synthetique,imprime,mi-saison,rond,standard,chic,ville
REF01091,F110,rouge,laine,imprime,ete,montant,premium,chic,sport
REF01092,F111,bleu,coton,uni,mi-saison,v,premium,sportif,soiree
REF01093,F112,bleu,synthetique,uni,mi-saison,v,standard,chic,ville
REF01094,F113,vert,coton,imprime,mi-saison,v,standard,sportif,ville
REF01095,F114,noir,coton,uni,ete,montant,standard,classique,sport
REF01096,F115,vert,coton,raye,mi-saison,rond,standard,classique,soiree
REF01097,F116,bleu,laine,raye,hiver,montant,standard,chic,soiree
REF01098,F117,vert,lin,raye,ete,rond,premium,chic,ville
REF01099,F118,noir,coton,imprime,hiver,v,premium,chic,ville
REF01100,F119,rouge,coton,uni,ete,montant,premium,chic,ville
REF01101,F120,rouge,lin,raye,mi-saison,rond,standard,classique,soiree
REF01102,F121,rouge,lin,imprime,hiver,montant,standard,classique,soiree
REF01103,F122,vert,coton,raye,ete,rond,standard,chic,sport
REF01104,F123,rouge,lin,uni,hiver,montant,premium,classique,ville
REF01105,F124,vert,synthetique,raye,hiver,v,standard,classique,ville
REF01106,F125,bleu,lin,uni,mi-saison,v,premium,sportif,sport
REF01107,F126,bleu,coton,imprime,ete,v,standard,sportif,ville
REF01108,F127,vert,laine,raye,mi-saison,montant,premium,sportif,ville
REF01109,F128,vert,coton,uni,ete,v,standard,classique,ville
REF01110,F129,noir,lin,imprime,hiver,v,premium,sportif,sport
REF01111,F130,noir,synthetique,imprime,mi-saison,montant,premium,sportif,sport
REF01112,F131,bleu,synthetique,uni,ete,montant,premium,sportif,sport
REF01113,F132,vert,lin,raye,hiver,v,standard,sportif,sport
REF01114,F133,bleu,lin,uni,mi-saison,rond,premium,chic,sport
REF01115,F134,vert,laine,raye,mi-saison,montant,premium,classique,soiree
REF01116,F135,bleu,lin,uni,ete,montant,standard,sportif,sport
REF01117,F136,vert,synthetique,uni,ete,montant,premium,sportif,ville
REF01118,F137,bleu,lin,uni,mi-saison,v,premium,sportif,sport
REF01119,F138,bleu,synthetique,raye,ete,rond,standard,classique,ville
REF01120,F139,vert,synthetique,imprime,ete,rond,standard,chic,soiree
REF01121,F000,bleu,coton,uni,hiver,rond,premium,classique,ville
REF01122,F001,noir,lin,imprime,ete,rond,premium,sportif,ville
REF01123,F002,noir,lin,uni,hiver,rond,premium,sportif,soiree
REF01124,F003,vert,lin,uni,hiver,rond,standard,chic,sport
REF01125,F004,vert,coton,uni,ete,montant,premium,classique,ville
REF01126,F005,vert,coton,imprime,ete,montant,standard,chic,sport
REF01127,F006,bleu,laine,uni,ete,v,premium,sportif,soiree
REF01128,F007,rouge,synthetique,uni,hiver,montant,premium,chic,ville
REF01129,F008,bleu,synthetique,raye,ete,rond,standard,classique,ville
REF01130,F009,noir,coton,uni,mi-saison,v,standard,classique,sport
REF01131,F010,rouge,synthetique,uni,mi-saison,v,standard,sportif,ville
REF01132,F011,bleu,lin,imprime,hiver,rond,premium,classique,ville
REF01133,F012,bleu,lin,raye,hiver,montant,premium,classique,sport
REF01134,F013,rouge,laine,imprime,ete,v,premium,sportif,ville
REF01135,F014,rouge,laine,imprime,ete,montant,premium,sportif,ville
REF01136,F015,noir,coton,imprime,mi-saison,montant,standard,chic,ville
REF01137,F016,noir,coton,uni,ete,rond,premium,classique,soiree
REF01138,F017,bleu,synthetique,imprime,hiver,rond,standard,chic,ville
REF01139,F018,rouge,laine,raye,hiver,v,standard,chic,soiree
REF01140,F019,noir,laine,imprime,mi-saison,v,premium,classique,soiree
REF01141,F020,rouge,laine,imprime,hiver,v,premium,classique,soiree
REF01142,F021,rouge,coton,uni,hiver,v,standard,classique,sport
REF01143,F022,bleu,laine,uni,ete,v,standard,chic,soiree
REF01144,F023,noir,laine,uni,mi-saison,rond,premium,sportif,ville
REF01145,F024,bleu,laine,uni,ete,v,premium,chic,ville
REF01146,F025,bleu,coton,imprime,mi-saison,v,premium,classique,sport
REF01147,F026,vert,synthetique,uni,mi-saison,v,standard,chic,soiree
REF01148,F027,bleu,laine,raye,hiver,montant,standard,sportif,sport
REF01149,F028,rouge,lin,raye,hiver,v,standard,classique,sport
REF01150,F029,vert,coton,uni,mi-saison,v,standard,chic,ville
REF01151,F030,bleu,synthetique,uni,ete,montant,standard,sportif,sport
REF01152,F031,rouge,lin,imprime,hiver,v,standard,sportif,ville
REF01153,F032,rouge,synthetique,imprime,mi-saison,rond,premium,classique,ville
REF01154,F033,noir,coton,imprime,hiver,montant,premium,sportif,ville
REF01155,F034,vert,synthetique,uni,ete,v,premium,sportif,sport
REF01156,F035,vert,synthetique,uni,hiver,rond,standard,sportif,sport
REF01157,F036,bleu,laine,raye,ete,v,premium,classique,ville
REF01158,F037,bleu,coton,raye,hiver,montant,standard,classique,ville
REF01159,F038,vert,synthetique,raye,hiver,rond,premium,classique,ville
REF01160,F039,bleu,lin,uni,mi-saison,montant,standard,classique,soiree
REF01161,F040,bleu,lin,raye,mi-saison,v,standard,sportif,sport
REF01162,F041,noir,coton,imprime,mi-saison,v,premium,sportif,ville
REF01163,F042,vert,laine,raye,mi-saison,v,premium,classique,sport
REF01164,F043,bleu,coton,uni,mi-saison,v,premium,sportif,soiree
REF01165,F044,noir,lin,imprime,hiver,v,standard,chic,sport
REF01166,F045,vert,lin,raye,hiver,montant,standard,classique,soiree
REF01167,F046,vert,synthetique,uni,ete,montant,premium,sportif,soiree
REF01168,F047,rouge,synthetique,imprime,mi-saison,rond,premium,chic,soiree
REF01169,F048,rouge,coton,uni,mi-saison,rond,premium,sportif,soiree
REF01170,F049,vert,coton,raye,mi-saison,montant,standard,chic,ville
REF01171,F050,vert,coton,imprime,mi-saison,montant,premium,chic,sport
REF01172,F051,vert,laine,imprime,hiver,montant,standard,sportif,sport
REF01173,F052,rouge,lin,imprime,hiver,v,premium,sportif,soiree
REF01174,F053,vert,lin,uni,mi-saison,rond,premium,sportif,ville
REF01175,F054,vert,lin,uni,mi-saison,v,standard,chic,sport
REF01176,F055,noir,lin,raye,ete,montant,premium,sportif,sport
REF01177,F056,vert,lin,imprime,mi-saison,v,standard,chic,soiree
REF01178,F057,noir,synthetique,imprime,hiver,v,premium,sportif,sport
REF01179,F058,rouge,coton,imprime,mi-saison,v,standard,chic,soiree
REF01180,F059,noir,coton,imprime,hiver,rond,standard,classique,soiree
REF01181,F060,noir,lin,uni,mi-saison,montant,premium,sportif,soiree
REF01182,F061,bleu,coton,uni,mi-saison,v,premium,chic,sport
REF01183,F062,bleu,synthetique,raye,hiver,v,premium,sportif,sport
REF01184,F063,noir,coton,uni,mi-saison,rond,premium,classique,ville
REF01185,F064,noir,synthetique,imprime,ete,rond,premium,chic,ville
REF01186,F065,bleu,lin,uni,hiver,rond,premium,chic,soiree
REF01187,F066,noir,lin,raye,mi-saison,rond,standard,classique,ville
REF01188,F067,noir,lin,uni,hiver,rond,premium,classique,sport
REF01189,F068,vert,synthetique,imprime,ete,v,premium,sportif,sport
REF01190,F069,noir,coton,imprime,hiver,montant,premium,sportif,ville
REF01191,F070,bleu,laine,raye,ete,rond,premium,sportif,ville
REF01192,F071,vert,synthetique,uni,ete,montant,premium,sportif,ville
REF01193,F072,noir,laine,raye,mi-saison,rond,standard,sportif,sport
REF01194,F073,noir,lin,raye,hiver,v,premium,classique,sport
REF01195,F074,rouge,lin,uni,ete,rond,premium,chic,ville
REF01196,F075,bleu,synthetique,uni,hiver,montant,premium,sportif,ville
REF01197,F076,noir,laine,uni,hiver,rond,premium,classique,sport
REF01198,F077,vert,laine,uni,mi-saison,montant,premium,sportif,soiree
REF01199,F078,noir,lin,uni,ete,v,premium,sportif,soiree
REF01200,F079,rouge,synthetique,raye,ete,v,standard,chic,sport
