reference,chemin,fournisseur,categorie,libelle
REF00001,images/fichiers/REF00001.jpg,F000,bas,Article 1
REF00002,images/fichiers/REF00002.jpg,F001,bas,Article 2
REF00003,images/fichiers/REF00003.jpg,F002,maison,Article 3
REF00004,images/fichiers/REF00004.jpg,F003,maison,Article 4
REF00005,images/fichiers/REF00005.jpg,F004,bas,Article 5
REF00006,images/fichiers/REF00006.jpg,F005,accessoire,Article 6
REF00007,images/fichiers/REF00007.jpg,F006,accessoire,Article 7
REF00008,images/fichiers/REF00008.jpg,F007,accessoire,Article 8
REF00009,images/fichiers/REF00009.jpg,F008,haut,Article 9
REF00010,images/fichiers/REF00010.jpg,F009,bas,Article 10
REF00011,images/fichiers/REF00011.jpg,F010,maison,Article 11
REF00012,images/fichiers/REF00012.jpg,F011,maison,Article 12
REF00013,images/fichiers/REF00013.jpg,F012,accessoire,Article 13
REF00014,images/fichiers/REF00014.jpg,F013,maison,Article 14
REF00015,images/fichiers/REF00015.jpg,F014,bas,Article 15
REF00016,images/fichiers/REF00016.jpg,F015,maison,Article 16
REF00017,images/fichiers/REF00017.jpg,F016,maison,Article 17
REF00018,images/fichiers/REF00018.jpg,F017,haut,Article 18
REF00019,images/fichiers/REF00019.jpg,F018,haut,Article 19
REF00020,images/fichiers/REF00020.jpg,F019,accessoire,Article 20
REF00021,images/fichiers/REF00021.jpg,F020,maison,Article 21
REF00022,images/fichiers/REF00022.jpg,F021,accessoire,Article 22
REF00023,images/fichiers/REF00023.jpg,F022,accessoire,Article 23
REF00024,images/fichiers/REF00024.jpg,F023,accessoire,Article 24
REF00025,images/fichiers/REF00025.jpg,F024,accessoire,Article 25
REF00026,images/fichiers/REF00026.jpg,F025,accessoire,Article 26
REF00027,images/fichiers/REF00027.jpg,F026,haut,Article 27
REF00028,images/fichiers/REF00028.jpg,F027,accessoire,Article 28
REF00029,images/fichiers/REF00029.jpg,F028,maison,Article 29
REF00030,images/fichiers/REF00030.jpg,F029,haut,Article 30
REF00031,images/fichiers/REF00031.jpg,F030,accessoire,Article 31
REF00032,images/fichiers/REF00032.jpg,F031,bas,Article 32
REF00033,images/fichiers/REF00033.jpg,F032,bas,Article 33
REF00034,images/fichiers/REF00034.jpg,F033,haut,Article 34
REF00035,images/fichiers/REF00035.jpg,F034,haut,Article 35
REF00036,images/fichiers/REF00036.jpg,F035,maison,Article 36
REF00037,images/fichiers/REF00037.jpg,F036,maison,Article 37
REF00038,images/fichiers/REF00038.jpg,F037,haut,Article 38
REF00039,images/fichiers/REF00039.jpg,F038,accessoire,Article 39
REF00040,images/fichiers/REF00040.jpg,F039,haut,Article 40
REF00041,images/fichiers/REF00041.jpg,F040,accessoire,Article 41
REF00042,images/fichiers/REF00042.jpg,F041,maison,Article 42
REF00043,images/fichiers/REF00043.jpg,F042,maison,Article 43
REF00044,images/fichiers/REF00044.jpg,F043,maison,Article 44
REF00045,images/fichiers/REF00045.jpg,F044,haut,Article 45
REF00046,images/fichiers/REF00046.jpg,F045,maison,Article 46
REF00047,images/fichiers/REF00047.jpg,F046,haut,Article 47
REF00048,images/fichiers/REF00048.jpg,F047,accessoire,Article 48
REF00049,images/fichiers/REF00049.jpg,F048,accessoire,Article 49
REF00050,images/fichiers/REF00050.jpg,F049,haut,Article 50
REF00051,images/fichiers/REF00051.jpg,F050,maison,Article 51
REF00052,images/fichiers/REF00052.jpg,F051,maison,Article 52
REF00053,images/fichiers/REF00053.jpg,F052,bas,Article 53
REF00054,images/fichiers/REF00054.jpg,F053,accessoire,Article 54
REF00055,images/fichiers/REF00055.jpg,F054,haut,Article 55
REF00056,images/fichiers/REF00056.jpg,F055,accessoire,Article 56
REF00057,images/fichiers/REF00057.jpg,F056,bas,Article 57
REF00058,images/fichiers/REF00058.jpg,F057,haut,Article 58
REF00059,images/fichiers/REF00059.jpg,F058,maison,Article 59
REF00060,images/fichiers/REF00060.jpg,F059,haut,Article 60
REF00061,images/fichiers/REF00061.jpg,F060,bas,Article 61
REF00062,images/fichiers/REF00062.jpg,F061,accessoire,Article 62
REF00063,images/fichiers/REF00063.jpg,F062,bas,Article 63
REF00064,images/fichiers/REF00064.jpg,F063,maison,Article 64
REF00065,images/fichiers/REF00065.jpg,F064,bas,Article 65
REF00066,images/fichiers/REF00066.jpg,F065,haut,Article 66
REF00067,images/fichiers/REF00067.jpg,F066,maison,Article 67
REF00068,images/fichiers/REF00068.jpg,F067,haut,Article 68
REF00069,images/fichiers/REF00069.jpg,F068,haut,Article 69
REF00070,images/fichiers/REF00070.jpg,F069,bas,Article 70
REF00071,images/fichiers/REF00071.jpg,F070,haut,Article 71
REF00072,images/fichiers/REF00072.jpg,F071,accessoire,Article 72
REF00073,images/fichiers/REF00073.jpg,F072,bas,Article 73
REF00074,images/fichiers/REF00074.jpg,F073,haut,Article 74
REF00075,images/fichiers/REF00075.jpg,F074,haut,Article 75
REF00076,images/fichiers/REF00076.jpg,F075,haut,Article 76
REF00077,images/fichiers/REF00077.jpg,F076,haut,Article 77
REF00078,images/fichiers/REF00078.jpg,F077,accessoire,Article 78
REF00079,images/fichiers/REF00079.jpg,F078,haut,Article 79
REF00080,images/fichiers/REF00080.jpg,F079,accessoire,Article 80
REF00081,images/fichiers/REF00081.jpg,F080,haut,Article 81
REF00082,images/fichiers/REF00082.jpg,F081,accessoire,Article 82
REF00083,images/fichiers/REF00083.jpg,F082,maison,Article 83
REF00084,images/fichiers/REF00084.jpg,F083,maison,Article 84
REF00085,images/fichiers/REF00085.jpg,F084,haut,Article 85
REF00086,images/fichiers/REF00086.jpg,F085,bas,Article 86
REF00087,images/fichiers/REF00087.jpg,F086,maison,Article 87
REF00088,images/fichiers/REF00088.jpg,F087,bas,Article 88
REF00089,images/fichiers/REF00089.jpg,F088,haut,Article 89
REF00090,images/fichiers/REF00090.jpg,F089,accessoire,Article 90
REF00091,images/fichiers/REF00091.jpg,F090,bas,Article 91
REF00092,images/fichiers/REF00092.jpg,F091,maison,Article 92
REF00093,images/fichiers/REF00093.jpg,F092,accessoire,Article 93
REF00094,images/fichiers/REF00094.jpg,F093,maison,Article 94
REF00095,images/fichiers/REF00095.jpg,F094,haut,Article 95
REF00096,images/fichiers/REF00096.jpg,F095,accessoire,Article 96
REF00097,images/fichiers/REF00097.jpg,F096,accessoire,Article 97
REF00098,images/fichiers/REF00098.jpg,F097,maison,Article 98
REF00099,images/fichiers/REF00099.jpg,F098,accessoire,Article 99
REF00100,images/fichiers/REF00100.jpg,F099,accessoire,Article 100
REF00101,images/fichiers/REF00101.jpg,F100,haut,Article 101
REF00102,images/fichiers/REF00102.jpg,F101,haut,Article 102
REF00103,images/fichiers/REF00103.jpg,F102,maison,Article 103
REF00104,images/fichiers/REF00104.jpg,F103,maison,Article 104
REF00105,images/fichiers/REF00105.jpg,F104,bas,Article 105
REF00106,images/fichiers/REF00106.jpg,F105,haut,Article 106
REF00107,images/fichiers/REF00107.jpg,F106,maison,Article 107
REF00108,images/fichiers/REF00108.jpg,F107,accessoire,Article 108
REF00109,images/fichiers/REF00109.jpg,F108,accessoire,Article 109
REF00110,images/fichiers/REF00110.jpg,F109,bas,Article 110
REF00111,images/fichiers/REF00111.jpg,F110,maison,Article 111
REF00112,images/fichiers/REF00112.jpg,F111,maison,Article 112
REF00113,images/fichiers/REF00113.jpg,F112,haut,Article 113
REF00114,images/fichiers/REF00114.jpg,F113,maison,Article 114
REF00115,images/fichiers/REF00115.jpg,F114,accessoire,Article 115
REF00116,images/fichiers/REF00116.jpg,F115,bas,Article 116
REF00117,images/fichiers/REF00117.jpg,F116,haut,Article 117
REF00118,images/fichiers/REF00118.jpg,F117,maison,Article 118
REF00119,images/fichiers/REF00119.jpg,F118,haut,Article 119
REF00120,images/fichiers/REF00120.jpg,F119,maison,Article 120
REF00121,images/fichiers/REF00121.jpg,F120,accessoire,Article 121
REF00122,images/fichiers/REF00122.jpg,F121,haut,Article 122
REF00123,images/fichiers/REF00123.jpg,F122,haut,Article 123
REF00124,images/fichiers/REF00124.jpg,F123,bas,Article 124
REF00125,images/fichiers/REF00125.jpg,F124,bas,Article 125
REF00126,images/fichiers/REF00126.jpg,F125,maison,Article 126
REF00127,images/fichiers/REF00127.jpg,F126,maison,Article 127
REF00128,images/fichiers/REF00128.jpg,F127,maison,Article 128
REF00129,images/fichiers/REF00129.jpg,F128,maison,Article 129
REF00130,images/fichiers/REF00130.jpg,F129,bas,Article 130
REF00131,images/fichiers/REF00131.jpg,F130,maison,Article 131
REF00132,images/fichiers/REF00132.jpg,F131,maison,Article 132
REF00133,images/fichiers/REF00133.jpg,F132,bas,Article 133
REF00134,images/fichiers/REF00134.jpg,F133,accessoire,Article 134
REF00135,images/fichiers/REF00135.jpg,F134,bas,Article 135
REF00136,images/fichiers/REF00136.jpg,F135,bas,Article 136
REF00137,images/fichiers/REF00137.jpg,F136,accessoire,Article 137
REF00138,images/fichiers/REF00138.jpg,F137,haut,Article 138
REF00139,images/fichiers/REF00139.jpg,F138,bas,Article 139
REF00140,images/fichiers/REF00140.jpg,F139,haut,Article 140
REF00141,images/fichiers/REF00141.jpg,F000,maison,Article 141
REF00142,images/fichiers/REF00142.jpg,F001,haut,Article 142
REF00143,images/fichiers/REF00143.jpg,F002,haut,Article 143
REF00144,images/fichiers/REF00144.jpg,F003,haut,Article 144
REF00145,images/fichiers/REF00145.jpg,F004,haut,Article 145
REF00146,images/fichiers/REF00146.jpg,F005,bas,Article 146
REF00147,images/fichiers/REF00147.jpg,F006,accessoire,Article 147
REF00148,images/fichiers/REF00148.jpg,F007,maison,Article 148
REF00149,images/fichiers/REF00149.jpg,F008,accessoire,Article 149
REF00150,images/fichiers/REF00150.jpg,F009,maison,Article 150
REF00151,images/fichiers/REF00151.jpg,F010,maison,Article 151
REF00152,images/fichiers/REF00152.jpg,F011,accessoire,Article 152
REF00153,images/fichiers/REF00153.jpg,F012,bas,Article 153
REF00154,images/fichiers/REF00154.jpg,F013,haut,Article 154
REF00155,images/fichiers/REF00155.jpg,F014,maison,Article 155
REF00156,images/fichiers/REF00156.jpg,F015,accessoire,Article 156
REF00157,images/fichiers/REF00157.jpg,F016,haut,Article 157
REF00158,images/fichiers/REF00158.jpg,F017,maison,Article 158
REF00159,images/fichiers/REF00159.jpg,F018,bas,Article 159
REF00160,images/fichiers/REF00160.jpg,F019,accessoire,Article 160
REF00161,images/fichiers/REF00161.jpg,F020,accessoire,Article 161
REF00162,images/fichiers/REF00162.jpg,F021,bas,Article 162
REF00163,images/fichiers/REF00163.jpg,F022,bas,Article 163
REF00164,images/fichiers/REF00164.jpg,F023,maison,Article 164
REF00165,images/fichiers/REF00165.jpg,F024,maison,Article 165
REF00166,images/fichiers/REF00166.jpg,F025,maison,Article 166
REF00167,images/fichiers/REF00167.jpg,F026,bas,Article 167
REF00168,images/fichiers/REF00168.jpg,F027,bas,Article 168
REF00169,images/fichiers/REF00169.jpg,F028,accessoire,Article 169
REF00170,images/fichiers/REF00170.jpg,F029,maison,Article 170
REF00171,images/fichiers/REF00171.jpg,F030,haut,Article 171
REF00172,images/fichiers/REF00172.jpg,F031,bas,Article 172
REF00173,images/fichiers/REF00173.jpg,F032,bas,Article 173
REF00174,images/fichiers/REF00174.jpg,F033,haut,Article 174
REF00175,images/fichiers/REF00175.jpg,F034,haut,Article 175
REF00176,images/fichiers/REF00176.jpg,F035,bas,Article 176
REF00177,images/fichiers/REF00177.jpg,F036,maison,Article 177
REF00178,images/fichiers/REF00178.jpg,F037,bas,Article 178
REF00179,images/fichiers/REF00179.jpg,F038,accessoire,Article 179
REF00180,images/fichiers/REF00180.jpg,F039,bas,Article 180
REF00181,images/fichiers/REF00181.jpg,F040,haut,Article 181
REF00182,images/fichiers/REF00182.jpg,F041,bas,Article 182
REF00183,images/fichiers/REF00183.jpg,F042,maison,Article 183
REF00184,images/fichiers/REF00184.jpg,F043,accessoire,Article 184
REF00185,images/fichiers/REF00185.jpg,F044,haut,Article 185
REF00186,images/fichiers/REF00186.jpg,F045,accessoire,Article 186
REF00187,images/fichiers/REF00187.jpg,F046,maison,Article 187
REF00188,images/fichiers/REF00188.jpg,F047,haut,Article 188
REF00189,images/fichiers/REF00189.jpg,F048,accessoire,Article 189
REF00190,images/fichiers/REF00190.jpg,F049,maison,Article 190
REF00191,images/fichiers/REF00191.jpg,F050,haut,Article 191
REF00192,images/fichiers/REF00192.jpg,F051,bas,Article 192
REF00193,images/fichiers/REF00193.jpg,F052,maison,Article 193
REF00194,images/fichiers/REF00194.jpg,F053,maison,Article 194
REF00195,images/fichiers/REF00195.jpg,F054,bas,Article 195
REF00196,images/fichiers/REF00196.jpg,F055,accessoire,Article 196
REF00197,images/fichiers/REF00197.jpg,F056,accessoire,Article 197
REF00198,images/fichiers/REF00198.jpg,F057,haut,Article 198
REF00199,images/fichiers/REF00199.jpg,F058,haut,Article 199
REF00200,images/fichiers/REF00200.jpg,F059,accessoire,Article 200
REF00201,images/fichiers/REF00201.jpg,F060,accessoire,Article 201
REF00202,images/fichiers/REF00202.jpg,F061,maison,Article 202
REF00203,images/fichiers/REF00203.jpg,F062,maison,Article 203
REF00204,images/fichiers/REF00204.jpg,F063,accessoire,Article 204
REF00205,images/fichiers/REF00205.jpg,F064,haut,Article 205
REF00206,images/fichiers/REF00206.jpg,F065,haut,Article 206
REF00207,images/fichiers/REF00207.jpg,F066,accessoire,Article 207
REF00208,images/fichiers/REF00208.jpg,F067,accessoire,Article 208
REF00209,images/fichiers/REF00209.jpg,F068,accessoire,Article 209
REF00210,images/fichiers/REF00210.jpg,F069,maison,Article 210
REF00211,images/fichiers/REF00211.jpg,F070,bas,Article 211
REF00212,images/fichiers/REF00212.jpg,F071,maison,Article 212
REF00213,images/fichiers/REF00213.jpg,F072,maison,Article 213
REF00214,images/fichiers/REF00214.jpg,F073,maison,Article 214
REF00215,images/fichiers/REF00215.jpg,F074,haut,Article 215
REF00216,images/fichiers/REF00216.jpg,F075,haut,Article 216
REF00217,images/fichiers/REF00217.jpg,F076,haut,Article 217
REF00218,images/fichiers/REF00218.jpg,F077,maison,Article 218
REF00219,images/fichiers/REF00219.jpg,F078,maison,Article 219
REF00220,images/fichiers/REF00220.jpg,F079,maison,Article 220
REF00221,images/fichiers/REF00221.jpg,F080,bas,Article 221
REF00222,images/fichiers/REF00222.jpg,F081,haut,Article 222
REF00223,images/fichiers/REF00223.jpg,F082,maison,Article 223
REF00224,images/fichiers/REF00224.jpg,F083,bas,Article 224
REF00225,images/fichiers/REF00225.jpg,F084,maison,Article 225
REF00226,images/fichiers/REF00226.jpg,F085,accessoire,Article 226
REF00227,images/fichiers/REF00227.jpg,F086,maison,Article 227
REF00228,images/fichiers/REF00228.jpg,F087,accessoire,Article 228
REF00229,images/fichiers/REF00229.jpg,F088,accessoire,Article 229
REF00230,images/fichiers/REF00230.jpg,F089,maison,Article 230
REF00231,images/fichiers/REF00231.jpg,F090,accessoire,Article 231
REF00232,images/fichiers/REF00232.jpg,F091,bas,Article 232
REF00233,images/fichiers/REF00233.jpg,F092,bas,Article 233
REF00234,images/fichiers/REF00234.jpg,F093,bas,Article 234
REF00235,images/fichiers/REF00235.jpg,F094,bas,Article 235
REF00236,images/fichiers/REF00236.jpg,F095,accessoire,Article 236
REF00237,images/fichiers/REF00237.jpg,F096,haut,Article 237
REF00238,images/fichiers/REF00238.jpg,F097,bas,Article 238
REF00239,images/fichiers/REF00239.jpg,F098,haut,Article 239
REF00240,images/fichiers/REF00240.jpg,F099,haut,Article 240
REF00241,images/fichiers/REF00241.jpg,F100,haut,Article 241
REF00242,images/fichiers/REF00242.jpg,F101,haut,Article 242
REF00243,images/fichiers/REF00243.jpg,F102,maison,Article 243
REF00244,images/fichiers/REF00244.jpg,F103,haut,Article 244
REF00245,images/fichiers/REF00245.jpg,F104,maison,Article 245
REF00246,images/fichiers/REF00246.jpg,F105,accessoire,Article 246
REF00247,images/fichiers/REF00247.jpg,F106,haut,Article 247
REF00248,images/fichiers/REF00248.jpg,F107,maison,Article 248
REF00249,images/fichiers/REF00249.jpg,F108,haut,Article 249
REF00250,images/fichiers/REF00250.jpg,F109,bas,Article 250
REF00251,images/fichiers/REF00251.jpg,F110,bas,Article 251
REF00252,images/fichiers/REF00252.jpg,F111,bas,Article 252
REF00253,images/fichiers/REF00253.jpg,F112,maison,Article 253
REF00254,images/fichiers/REF00254.jpg,F113,accessoire,Article 254
REF00255,images/fichiers/REF00255.jpg,F114,maison,Article 255
REF00256,images/fichiers/REF00256.jpg,F115,bas,Article 256
REF00257,images/fichiers/REF00257.jpg,F116,maison,Article 257
REF00258,images/fichiers/REF00258.jpg,F117,bas,Article 258
REF00259,images/fichiers/REF00259.jpg,F118,accessoire,Article 259
REF00260,images/fichiers/REF00260.jpg,F119,haut,Article 260
REF00261,images/fichiers/REF00261.jpg,F120,maison,Article 261
REF00262,images/fichiers/REF00262.jpg,F121,bas,Article 262
REF00263,images/fichiers/REF00263.jpg,F122,accessoire,Article 263
REF00264,images/fichiers/REF00264.jpg,F123,accessoire,Article 264
REF00265,images/fichiers/REF00265.jpg,F124,accessoire,Article 265
REF00266,images/fichiers/REF00266.jpg,F125,maison,Article 266
REF00267,images/fichiers/REF00267.jpg,F126,maison,Article 267
REF00268,images/fichiers/REF00268.jpg,F127,haut,Article 268
REF00269,images/fichiers/REF00269.jpg,F128,haut,Article 269
REF00270,images/fichiers/REF00270.jpg,F129,maison,Article 270
REF00271,images/fichiers/REF00271.jpg,F130,accessoire,Article 271
REF00272,images/fichiers/REF00272.jpg,F131,accessoire,Article 272
REF00273,images/fichiers/REF00273.jpg,F132,bas,Article 273
REF00274,images/fichiers/REF00274.jpg,F133,bas,Article 274
REF00275,images/fichiers/REF00275.jpg,F134,maison,Article 275
REF00276,images/fichiers/REF00276.jpg,F135,haut,Article 276
REF00277,images/fichiers/REF00277.jpg,F136,haut,Article 277
REF00278,images/fichiers/REF00278.jpg,F137,accessoire,Article 278
REF00279,images/fichiers/REF00279.jpg,F138,haut,Article 279
REF00280,images/fichiers/REF00280.jpg,F139,haut,Article 280
REF00281,images/fichiers/REF00281.jpg,F000,bas,Article 281
REF00282,images/fichiers/REF00282.jpg,F001,bas,Article 282
REF00283,images/fichiers/REF00283.jpg,F002,accessoire,Article 283
REF00284,images/fichiers/REF00284.jpg,F003,haut,Article 284
REF00285,images/fichiers/REF00285.jpg,F004,accessoire,Article 285
REF00286,images/fichiers/REF00286.jpg,F005,maison,Article 286
REF00287,images/fichiers/REF00287.jpg,F006,bas,Article 287
REF00288,images/fichiers/REF00288.jpg,F007,maison,Article 288
REF00289,images/fichiers/REF00289.jpg,F008,bas,Article 289
REF00290,images/fichiers/REF00290.jpg,F009,maison,Article 290
REF00291,images/fichiers/REF00291.jpg,F010,maison,Article 291
REF00292,images/fichiers/REF00292.jpg,F011,accessoire,Article 292
REF00293,images/fichiers/REF00293.jpg,F012,maison,Article 293
REF00294,images/fichiers/REF00294.jpg,F013,bas,Article 294
REF00295,images/fichiers/REF00295.jpg,F014,bas,Article 295
REF00296,images/fichiers/REF00296.jpg,F015,haut,Article 296
REF00297,images/fichiers/REF00297.jpg,F016,maison,Article 297
REF00298,images/fichiers/REF00298.jpg,F017,accessoire,Article 298
REF00299,images/fichiers/REF00299.jpg,F018,accessoire,Article 299
REF00300,images/fichiers/REF00300.jpg,F019,accessoire,Article 300
REF00301,images/fichiers/REF00301.jpg,F020,accessoire,Article 301
REF00302,images/fichiers/REF00302.jpg,F021,haut,Article 302
REF00303,images/fichiers/REF00303.jpg,F022,bas,Article 303
REF00304,images/fichiers/REF00304.jpg,F023,accessoire,Article 304
REF00305,images/fichiers/REF00305.jpg,F024,bas,Article 305
REF00306,images/fichiers/REF00306.jpg,F025,bas,Article 306
REF00307,images/fichiers/REF00307.jpg,F026,accessoire,Article 307
REF00308,images/fichiers/REF00308.jpg,F027,bas,Article 308
REF00309,images/fichiers/REF00309.jpg,F028,bas,Article 309
REF00310,images/fichiers/REF00310.jpg,F029,maison,Article 310
REF00311,images/fichiers/REF00311.jpg,F030,accessoire,Article 311
REF00312,images/fichiers/REF00312.jpg,F031,accessoire,Article 312
REF00313,images/fichiers/REF00313.jpg,F032,haut,Article 313
REF00314,images/fichiers/REF00314.jpg,F033,haut,Article 314
REF00315,images/fichiers/REF00315.jpg,F034,haut,Article 315
REF00316,images/fichiers/REF00316.jpg,F035,accessoire,Article 316
REF00317,images/fichiers/REF00317.jpg,F036,accessoire,Article 317
REF00318,images/fichiers/REF00318.jpg,F037,maison,Article 318
REF00319,images/fichiers/REF00319.jpg,F038,maison,Article 319
REF00320,images/fichiers/REF00320.jpg,F039,maison,Article 320
REF00321,images/fichiers/REF00321.jpg,F040,accessoire,Article 321
REF00322,images/fichiers/REF00322.jpg,F041,haut,Article 322
REF00323,images/fichiers/REF00323.jpg,F042,bas,Article 323
REF00324,images/fichiers/REF00324.jpg,F043,accessoire,Article 324
REF00325,images/fichiers/REF00325.jpg,F044,bas,Article 325
REF00326,images/fichiers/REF00326.jpg,F045,haut,Article 326
REF00327,images/fichiers/REF00327.jpg,F046,maison,Article 327
REF00328,images/fichiers/REF00328.jpg,F047,accessoire,Article 328
REF00329,images/fichiers/REF00329.jpg,F048,accessoire,Article 329
REF00330,images/fichiers/REF00330.jpg,F049,maison,Article 330
REF00331,images/fichiers/REF00331.jpg,F050,accessoire,Article 331
REF00332,images/fichiers/REF00332.jpg,F051,bas,Article 332
REF00333,images/fichiers/REF00333.jpg,F052,bas,Article 333
REF00334,images/fichiers/REF00334.jpg,F053,haut,Article 334
REF00335,images/fichiers/REF00335.jpg,F054,accessoire,Article 335
REF00336,images/fichiers/REF00336.jpg,F055,haut,Article 336
REF00337,images/fichiers/REF00337.jpg,F056,haut,Article 337
REF00338,images/fichiers/REF00338.jpg,F057,haut,Article 338
REF00339,images/fichiers/REF00339.jpg,F058,haut,Article 339
REF00340,images/fichiers/REF00340.jpg,F059,haut,Article 340
REF00341,images/fichiers/REF00341.jpg,F060,maison,Article 341
REF00342,images/fichiers/REF00342.jpg,F061,haut,Article 342
REF00343,images/fichiers/REF00343.jpg,F062,haut,Article 343
REF00344,images/fichiers/REF00344.jpg,F063,bas,Article 344
REF00345,images/fichiers/REF00345.jpg,F064,bas,Article 345
REF00346,images/fichiers/REF00346.jpg,F065,accessoire,Article 346
REF00347,images/fichiers/REF00347.jpg,F066,maison,Article 347
REF00348,images/fichiers/REF00348.jpg,F067,haut,Article 348
REF00349,images/fichiers/REF00349.jpg,F068,accessoire,Article 349
REF00350,images/fichiers/REF00350.jpg,F069,haut,Article 350
REF00351,images/fichiers/REF00351.jpg,F070,accessoire,Article 351
REF00352,images/fichiers/REF00352.jpg,F071,bas,Article 352
REF00353,images/fichiers/REF00353.jpg,F072,maison,Article 353
REF00354,images/fichiers/REF00354.jpg,F073,haut,Article 354
REF00355,images/fichiers/REF00355.jpg,F074,accessoire,Article 355
REF00356,images/fichiers/REF00356.jpg,F075,maison,Article 356
REF00357,images/fichiers/REF00357.jpg,F076,accessoire,Article 357
REF00358,images/fichiers/REF00358.jpg,F077,bas,Article 358
REF00359,images/fichiers/REF00359.jpg,F078,maison,Article 359
REF00360,images/fichiers/REF00360.jpg,F079,bas,Article 360
REF00361,images/fichiers/REF00361.jpg,F080,maison,Article 361
REF00362,images/fichiers/REF00362.jpg,F081,bas,Article 362
REF00363,images/fichiers/REF00363.jpg,F082,haut,Article 363
REF00364,images/fichiers/REF00364.jpg,F083,haut,Article 364
REF00365,images/fichiers/REF00365.jpg,F084,accessoire,Article 365
REF00366,images/fichiers/REF00366.jpg,F085,accessoire,Article 366
REF00367,images/fichiers/REF00367.jpg,F086,accessoire,Article 367
REF00368,images/fichiers/REF00368.jpg,F087,haut,Article 368
REF00369,images/fichiers/REF00369.jpg,F088,bas,Article 369
REF00370,images/fichiers/REF00370.jpg,F089,bas,Article 370
REF00371,images/fichiers/REF00371.jpg,F090,bas,Article 371
REF00372,images/fichiers/REF00372.jpg,F091,maison,Article 372
REF00373,images/fichiers/REF00373.jpg,F092,bas,Article 373
REF00374,images/fichiers/REF00374.jpg,F093,accessoire,Article 374
REF00375,images/fichiers/REF00375.jpg,F094,accessoire,Article 375
REF00376,images/fichiers/REF00376.jpg,F095,haut,Article 376
REF00377,images/fichiers/REF00377.jpg,F096,haut,Article 377
REF00378,images/fichiers/REF00378.jpg,F097,maison,Article 378
REF00379,images/fichiers/REF00379.jpg,F098,haut,Article 379
REF00380,images/fichiers/REF00380.jpg,F099,maison,Article 380
REF00381,images/fichiers/REF00381.jpg,F100,maison,Article 381
REF00382,images/fichiers/REF00382.jpg,F101,haut,Article 382
REF00383,images/fichiers/REF00383.jpg,F102,maison,Article 383
REF00384,images/fichiers/REF00384.jpg,F103,bas,Article 384
REF00385,images/fichiers/REF00385.jpg,F104,bas,Article 385
REF00386,images/fichiers/REF00386.jpg,F105,maison,Article 386
REF00387,images/fichiers/REF00387.jpg,F106,haut,Article 387
REF00388,images/fichiers/REF00388.jpg,F107,accessoire,Article 388
REF00389,images/fichiers/REF00389.jpg,F108,haut,Article 389
REF00390,images/fichiers/REF00390.jpg,F109,haut,Article 390
REF00391,images/fichiers/REF00391.jpg,F110,bas,Article 391
REF00392,images/fichiers/REF00392.jpg,F111,maison,Article 392
REF00393,images/fichiers/REF00393.jpg,F112,haut,Article 393
REF00394,images/fichiers/REF00394.jpg,F113,haut,Article 394
REF00395,images/fichiers/REF00395.jpg,F114,accessoire,Article 395
REF00396,images/fichiers/REF00396.jpg,F115,bas,Article 396
REF00397,images/fichiers/REF00397.jpg,F116,maison,Article 397
REF00398,images/fichiers/REF00398.jpg,F117,maison,Article 398
REF00399,images/fichiers/REF00399.jpg,F118,bas,Article 399
REF00400,images/fichiers/REF00400.jpg,F119,bas,Article 400
REF00401,images/fichiers/REF00401.jpg,F120,accessoire,Article 401
REF00402,images/fichiers/REF00402.jpg,F121,maison,Article 402
REF00403,images/fichiers/REF00403.jpg,F122,haut,Article 403
REF00404,images/fichiers/REF00404.jpg,F123,maison,Article 404
REF00405,images/fichiers/REF00405.jpg,F124,haut,Article 405
REF00406,images/fichiers/REF00406.jpg,F125,haut,Article 406
REF00407,images/fichiers/REF00407.jpg,F126,bas,Article 407
REF00408,images/fichiers/REF00408.jpg,F127,bas,Article 408
REF00409,images/fichiers/REF00409.jpg,F128,accessoire,Article 409
REF00410,images/fichiers/REF00410.jpg,F129,bas,Article 410
REF00411,images/fichiers/REF00411.jpg,F130,haut,Article 411
REF00412,images/fichiers/REF00412.jpg,F131,haut,Article 412
REF00413,images/fichiers/REF00413.jpg,F132,accessoire,Article 413
REF00414,images/fichiers/REF00414.jpg,F133,haut,Article 414
REF00415,images/fichiers/REF00415.jpg,F134,bas,Article 415
REF00416,images/fichiers/REF00416.jpg,F135,accessoire,Article 416
REF00417,images/fichiers/REF00417.jpg,F136,bas,Article 417
REF00418,images/fichiers/REF00418.jpg,F137,accessoire,Article 418
REF00419,images/fichiers/REF00419.jpg,F138,bas,Article 419
REF00420,images/fichiers/REF00420.jpg,F139,accessoire,Article 420
REF00421,images/fichiers/REF00421.jpg,F000,maison,Article 421
REF00422,images/fichiers/REF00422.jpg,F001,maison,Article 422
REF00423,images/fichiers/REF00423.jpg,F002,maison,Article 423
REF00424,images/fichiers/REF00424.jpg,F003,haut,Article 424
REF00425,images/fichiers/REF00425.jpg,F004,haut,Article 425
REF00426,images/fichiers/REF00426.jpg,F005,bas,Article 426
REF00427,images/fichiers/REF00427.jpg,F006,accessoire,Article 427
REF00428,images/fichiers/REF00428.jpg,F007,accessoire,Article 428
REF00429,images/fichiers/REF00429.jpg,F008,maison,Article 429
REF00430,images/fichiers/REF00430.jpg,F009,maison,Article 430
REF00431,images/fichiers/REF00431.jpg,F010,haut,Article 431
REF00432,images/fichiers/REF00432.jpg,F011,accessoire,Article 432
REF00433,images/fichiers/REF00433.jpg,F012,accessoire,Article 433
REF00434,images/fichiers/REF00434.jpg,F013,maison,Article 434
REF00435,images/fichiers/REF00435.jpg,F014,haut,Article 435
REF00436,images/fichiers/REF00436.jpg,F015,maison,Article 436
REF00437,images/fichiers/REF00437.jpg,F016,accessoire,Article 437
REF00438,images/fichiers/REF00438.jpg,F017,bas,Article 438
REF00439,images/fichiers/REF00439.jpg,F018,maison,Article 439
REF00440,images/fichiers/REF00440.jpg,F019,haut,Article 440
REF00441,images/fichiers/REF00441.jpg,F020,haut,Article 441
REF00442,images/fichiers/REF00442.jpg,F021,accessoire,Article 442
REF00443,images/fichiers/REF00443.jpg,F022,haut,Article 443
REF00444,images/fichiers/REF00444.jpg,F023,haut,Article 444
REF00445,images/fichiers/REF00445.jpg,F024,bas,Article 445
REF00446,images/fichiers/REF00446.jpg,F025,accessoire,Article 446
REF00447,images/fichiers/REF00447.jpg,F026,accessoire,Article 447
REF00448,images/fichiers/REF00448.jpg,F027,maison,Article 448
REF00449,images/fichiers/REF00449.jpg,F028,accessoire,Article 449
REF00450,images/fichiers/REF00450.jpg,F029,bas,Article 450
REF00451,images/fichiers/REF00451.jpg,F030,maison,Article 451
REF00452,images/fichiers/REF00452.jpg,F031,maison,Article 452
REF00453,images/fichiers/REF00453.jpg,F032,haut,Article 453
REF00454,images/fichiers/REF00454.jpg,F033,haut,Article 454
REF00455,images/fichiers/REF00455.jpg,F034,accessoire,Article 455
REF00456,images/fichiers/REF00456.jpg,F035,bas,Article 456
REF00457,images/fichiers/REF00457.jpg,F036,haut,Article 457
REF00458,images/fichiers/REF00458.jpg,F037,haut,Article 458
REF00459,images/fichiers/REF00459.jpg,F038,accessoire,Article 459
REF00460,images/fichiers/REF00460.jpg,F039,bas,Article 460
REF00461,images/fichiers/REF00461.jpg,F040,maison,Article 461
REF00462,images/fichiers/REF00462.jpg,F041,maison,Article 462
REF00463,images/fichiers/REF00463.jpg,F042,bas,Article 463
REF00464,images/fichiers/REF00464.jpg,F043,haut,Article 464
REF00465,images/fichiers/REF00465.jpg,F044,maison,Article 465
REF00466,images/fichiers/REF00466.jpg,F045,accessoire,Article 466
REF00467,images/fichiers/REF00467.jpg,F046,haut,Article 467
REF00468,images/fichiers/REF00468.jpg,F047,accessoire,Article 468
REF00469,images/fichiers/REF00469.jpg,F048,bas,Article 469
REF00470,images/fichiers/REF00470.jpg,F049,bas,Article 470
REF00471,images/fichiers/REF00471.jpg,F050,accessoire,Article 471
REF00472,images/fichiers/REF00472.jpg,F051,haut,Article 472
REF00473,images/fichiers/REF00473.jpg,F052,haut,Article 473
REF00474,images/fichiers/REF00474.jpg,F053,haut,Article 474
REF00475,images/fichiers/REF00475.jpg,F054,maison,Article 475
REF00476,images/fichiers/REF00476.jpg,F055,accessoire,Article 476
REF00477,images/fichiers/REF00477.jpg,F056,haut,Article 477
REF00478,images/fichiers/REF00478.jpg,F057,maison,Article 478
REF00479,images/fichiers/REF00479.jpg,F058,accessoire,Article 479
REF00480,images/fichiers/REF00480.jpg,F059,accessoire,Article 480
REF00481,images/fichiers/REF00481.jpg,F060,bas,Article 481
REF00482,images/fichiers/REF00482.jpg,F061,bas,Article 482
REF00483,images/fichiers/REF00483.jpg,F062,maison,Article 483
REF00484,images/fichiers/REF00484.jpg,F063,accessoire,Article 484
REF00485,images/fichiers/REF00485.jpg,F064,bas,Article 485
REF00486,images/fichiers/REF00486.jpg,F065,bas,Article 486
REF00487,images/fichiers/REF00487.jpg,F066,maison,Article 487
REF00488,images/fichiers/REF00488.jpg,F067,bas,Article 488
REF00489,images/fichiers/REF00489.jpg,F068,maison,Article 489
REF00490,images/fichiers/REF00490.jpg,F069,haut,Article 490
REF00491,images/fichiers/REF00491.jpg,F070,maison,Article 491
REF00492,images/fichiers/REF00492.jpg,F071,haut,Article 492
REF00493,images/fichiers/REF00493.jpg,F072,bas,Article 493
REF00494,images/fichiers/REF00494.jpg,F073,accessoire,Article 494
REF00495,images/fichiers/REF00495.jpg,F074,bas,Article 495
REF00496,images/fichiers/REF00496.jpg,F075,bas,Article 496
REF00497,images/fichiers/REF00497.jpg,F076,accessoire,Article 497
REF00498,images/fichiers/REF00498.jpg,F077,bas,Article 498
REF00499,images/fichiers/REF00499.jpg,F078,accessoire,Article 499
REF00500,images/fichiers/REF00500.jpg,F079,maison,Article 500
REF00501,images/fichiers/REF00501.jpg,F080,maison,Article 501
REF00502,images/fichiers/REF00502.jpg,F081,accessoire,Article 502
REF00503,images/fichiers/REF00503.jpg,F082,accessoire,Article 503
REF00504,images/fichiers/REF00504.jpg,F083,haut,Article 504
REF00505,images/fichiers/REF00505.jpg,F084,bas,Article 505
REF00506,images/fichiers/REF00506.jpg,F085,maison,Article 506
REF00507,images/fichiers/REF00507.jpg,F086,maison,Article 507
REF00508,images/fichiers/REF00508.jpg,F087,accessoire,Article 508
REF00509,images/fichiers/REF00509.jpg,F088,maison,Article 509
REF00510,images/fichiers/REF00510.jpg,F089,accessoire,Article 510
REF00511,images/fichiers/REF00511.jpg,F090,haut,Article 511
REF00512,images/fichiers/REF00512.jpg,F091,accessoire,Article 512
REF00513,images/fichiers/REF00513.jpg,F092,accessoire,Article 513
REF00514,images/fichiers/REF00514.jpg,F093,bas,Article 514
REF00515,images/fichiers/REF00515.jpg,F094,maison,Article 515
REF00516,images/fichiers/REF00516.jpg,F095,haut,Article 516
REF00517,images/fichiers/REF00517.jpg,F096,maison,Article 517
REF00518,images/fichiers/REF00518.jpg,F097,accessoire,Article 518
REF00519,images/fichiers/REF00519.jpg,F098,haut,Article 519
REF00520,images/fichiers/REF00520.jpg,F099,haut,Article 520
REF00521,images/fichiers/REF00521.jpg,F100,maison,Article 521
REF00522,images/fichiers/REF00522.jpg,F101,bas,Article 522
REF00523,images/fichiers/REF00523.jpg,F102,accessoire,Article 523
REF00524,images/fichiers/REF00524.jpg,F103,accessoire,Article 524
REF00525,images/fichiers/REF00525.jpg,F104,haut,Article 525
REF00526,images/fichiers/REF00526.jpg,F105,bas,Article 526
REF00527,images/fichiers/REF00527.jpg,F106,haut,Article 527
REF00528,images/fichiers/REF00528.jpg,F107,accessoire,Article 528
REF00529,images/fichiers/REF00529.jpg,F108,haut,Article 529
REF00530,images/fichiers/REF00530.jpg,F109,bas,Article 530
REF00531,images/fichiers/REF00531.jpg,F110,haut,Article 531
REF00532,images/fichiers/REF00532.jpg,F111,maison,Article 532
REF00533,images/fichiers/REF00533.jpg,F112,bas,Article 533
REF00534,images/fichiers/REF00534.jpg,F113,bas,Article 534
REF00535,images/fichiers/REF00535.jpg,F114,maison,Article 535
REF00536,images/fichiers/REF00536.jpg,F115,accessoire,Article 536
REF00537,images/fichiers/REF00537.jpg,F116,accessoire,Article 537
REF00538,images/fichiers/REF00538.jpg,F117,maison,Article 538
REF00539,images/fichiers/REF00539.jpg,F118,maison,Article 539
REF00540,images/fichiers/REF00540.jpg,F119,bas,Article 540
REF00541,images/fichiers/REF00541.jpg,F120,maison,Article 541
REF00542,images/fichiers/REF00542.jpg,F121,accessoire,Article 542
REF00543,images/fichiers/REF00543.jpg,F122,maison,Article 543
REF00544,images/fichiers/REF00544.jpg,F123,accessoire,Article 544
REF00545,images/fichiers/REF00545.jpg,F124,maison,Article 545
REF00546,images/fichiers/REF00546.jpg,F125,maison,Article 546
REF00547,images/fichiers/REF00547.jpg,F126,haut,Article 547
REF00548,images/fichiers/REF00548.jpg,F127,bas,Article 548
REF00549,images/fichiers/REF00549.jpg,F128,bas,Article 549
REF00550,images/fichiers/REF00550.jpg,F129,maison,Article 550
REF00551,images/fichiers/REF00551.jpg,F130,accessoire,Article 551
REF00552,images/fichiers/REF00552.jpg,F131,maison,Article 552
REF00553,images/fichiers/REF00553.jpg,F132,haut,Article 553
REF00554,images/fichiers/REF00554.jpg,F133,bas,Article 554
REF00555,images/fichiers/REF00555.jpg,F134,accessoire,Article 555
REF00556,images/fichiers/REF00556.jpg,F135,haut,Article 556
REF00557,images/fichiers/REF00557.jpg,F136,maison,Article 557
REF00558,images/fichiers/REF00558.jpg,F137,bas,Article 558
REF00559,images/fichiers/REF00559.jpg,F138,accessoire,Article 559
REF00560,images/fichiers/REF00560.jpg,F139,accessoire,Article 560
REF00561,images/fichiers/REF00561.jpg,F000,maison,Article 561
REF00562,images/fichiers/REF00562.jpg,F001,bas,Article 562
REF00563,images/fichiers/REF00563.jpg,F002,bas,Article 563
REF00564,images/fichiers/REF00564.jpg,F003,bas,Article 564
REF00565,images/fichiers/REF00565.jpg,F004,haut,Article 565
REF00566,images/fichiers/REF00566.jpg,F005,accessoire,Article 566
REF00567,images/fichiers/REF00567.jpg,F006,accessoire,Article 567
REF00568,images/fichiers/REF00568.jpg,F007,haut,Article 568
REF00569,images/fichiers/REF00569.jpg,F008,maison,Article 569
REF00570,images/fichiers/REF00570.jpg,F009,maison,Article 570
REF00571,images/fichiers/REF00571.jpg,F010,accessoire,Article 571
REF00572,images/fichiers/REF00572.jpg,F011,maison,Article 572
REF00573,images/fichiers/REF00573.jpg,F012,accessoire,Article 573
REF00574,images/fichiers/REF00574.jpg,F013,maison,Article 574
REF00575,images/fichiers/REF00575.jpg,F014,maison,Article 575
REF00576,images/fichiers/REF00576.jpg,F015,maison,Article 576
REF00577,images/fichiers/REF00577.jpg,F016,bas,Article 577
REF00578,images/fichiers/REF00578.jpg,F017,accessoire,Article 578
REF00579,images/fichiers/REF00579.jpg,F018,accessoire,Article 579
REF00580,images/fichiers/REF00580.jpg,F019,maison,Article 580
REF00581,images/fichiers/REF00581.jpg,F020,haut,Article 581
REF00582,images/fichiers/REF00582.jpg,F021,maison,Article 582
REF00583,images/fichiers/REF00583.jpg,F022,bas,Article 583
REF00584,images/fichiers/REF00584.jpg,F023,maison,Article 584
REF00585,images/fichiers/REF00585.jpg,F024,haut,Article 585
REF00586,images/fichiers/REF00586.jpg,F025,bas,Article 586
REF00587,images/fichiers/REF00587.jpg,F026,haut,Article 587
REF00588,images/fichiers/REF00588.jpg,F027,bas,Article 588
REF00589,images/fichiers/REF00589.jpg,F028,maison,Article 589
REF00590,images/fichiers/REF00590.jpg,F029,bas,Article 590
REF00591,images/fichiers/REF00591.jpg,F030,haut,Article 591
REF00592,images/fichiers/REF00592.jpg,F031,maison,Article 592
REF00593,images/fichiers/REF00593.jpg,F032,accessoire,Article 593
REF00594,images/fichiers/REF00594.jpg,F033,accessoire,Article 594
REF00595,images/fichiers/REF00595.jpg,F034,maison,Article 595
REF00596,images/fichiers/REF00596.jpg,F035,bas,Article 596
REF00597,images/fichiers/REF00597.jpg,F036,haut,Article 597
REF00598,images/fichiers/REF00598.jpg,F037,bas,Article 598
REF00599,images/fichiers/REF00599.jpg,F038,accessoire,Article 599
REF00600,images/fichiers/REF00600.jpg,F039,bas,Article 600
REF00601,images/fichiers/REF00601.jpg,F040,bas,Article 601
REF00602,images/fichiers/REF00602.jpg,F041,bas,Article 602
REF00603,images/fichiers/REF00603.jpg,F042,bas,Article 603
REF00604,images/fichiers/REF00604.jpg,F043,bas,Article 604
REF00605,images/fichiers/REF00605.jpg,F044,maison,Article 605
REF00606,images/fichiers/REF00606.jpg,F045,haut,Article 606
REF00607,images/fichiers/REF00607.jpg,F046,accessoire,Article 607
REF00608,images/fichiers/REF00608.jpg,F047,accessoire,Article 608
REF00609,images/fichiers/REF00609.jpg,F048,maison,Article 609
REF00610,images/fichiers/REF00610.jpg,F049,maison,Article 610
REF00611,images/fichiers/REF00611.jpg,F050,haut,Article 611
REF00612,images/fichiers/REF00612.jpg,F051,maison,Article 612
REF00613,images/fichiers/REF00613.jpg,F052,bas,Article 613
REF00614,images/fichiers/REF00614.jpg,F053,maison,Article 614
REF00615,images/fichiers/REF00615.jpg,F054,haut,Article 615
REF00616,images/fichiers/REF00616.jpg,F055,bas,Article 616
REF00617,images/fichiers/REF00617.jpg,F056,bas,Article 617
REF00618,images/fichiers/REF00618.jpg,F057,accessoire,Article 618
REF00619,images/fichiers/REF00619.jpg,F058,haut,Article 619
REF00620,images/fichiers/REF00620.jpg,F059,bas,Article 620
REF00621,images/fichiers/REF00621.jpg,F060,haut,Article 621
REF00622,images/fichiers/REF00622.jpg,F061,haut,Article 622
REF00623,images/fichiers/REF00623.jpg,F062,accessoire,Article 623
REF00624,images/fichiers/REF00624.jpg,F063,bas,Article 624
REF00625,images/fichiers/REF00625.jpg,F064,accessoire,Article 625
REF00626,images/fichiers/REF00626.jpg,F065,maison,Article 626
REF00627,images/fichiers/REF00627.jpg,F066,accessoire,Article 627
REF00628,images/fichiers/REF00628.jpg,F067,accessoire,Article 628
REF00629,images/fichiers/REF00629.jpg,F068,bas,Article 629
REF00630,images/fichiers/REF00630.jpg,F069,bas,Article 630
REF00631,images/fichiers/REF00631.jpg,F070,accessoire,Article 631
REF00632,images/fichiers/REF00632.jpg,F071,bas,Article 632
REF00633,images/fichiers/REF00633.jpg,F072,haut,Article 633
REF00634,images/fichiers/REF00634.jpg,F073,accessoire,Article 634
REF00635,images/fichiers/REF00635.jpg,F074,haut,Article 635
REF00636,images/fichiers/REF00636.jpg,F075,haut,Article 636
REF00637,images/fichiers/REF00637.jpg,F076,accessoire,Article 637
REF00638,images/fichiers/REF00638.jpg,F077,haut,Article 638
REF00639,images/fichiers/REF00639.jpg,F078,haut,Article 639
REF00640,images/fichiers/REF00640.jpg,F079,accessoire,Article 640
REF00641,images/fichiers/REF00641.jpg,F080,bas,Article 641
REF00642,images/fichiers/REF00642.jpg,F081,accessoire,Article 642
REF00643,images/fichiers/REF00643.jpg,F082,maison,Article 643
REF00644,images/fichiers/REF00644.jpg,F083,haut,Article 644
REF00645,images/fichiers/REF00645.jpg,F084,accessoire,Article 645
REF00646,images/fichiers/REF00646.jpg,F085,accessoire,Article 646
REF00647,images/fichiers/REF00647.jpg,F086,maison,Article 647
REF00648,images/fichiers/REF00648.jpg,F087,bas,Article 648
REF00649,images/fichiers/REF00649.jpg,F088,maison,Article 649
REF00650,images/fichiers/REF00650.jpg,F089,accessoire,Article 650
REF00651,images/fichiers/REF00651.jpg,F090,haut,Article 651
REF00652,images/fichiers/REF00652.jpg,F091,accessoire,Article 652
REF00653,images/fichiers/REF00653.jpg,F092,bas,Article 653
REF00654,images/fichiers/REF00654.jpg,F093,maison,Article 654
REF00655,images/fichiers/REF00655.jpg,F094,haut,Article 655
REF00656,images/fichiers/REF00656.jpg,F095,accessoire,Article 656
REF00657,images/fichiers/REF00657.jpg,F096,accessoire,Article 657
REF00658,images/fichiers/REF00658.jpg,F097,haut,Article 658
REF00659,images/fichiers/REF00659.jpg,F098,haut,Article 659
REF00660,images/fichiers/REF00660.jpg,F099,bas,Article 660
REF00661,images/fichiers/REF00661.jpg,F100,bas,Article 661
REF00662,images/fichiers/REF00662.jpg,F101,accessoire,Article 662
REF00663,images/fichiers/REF00663.jpg,F102,bas,Article 663
REF00664,images/fichiers/REF00664.jpg,F103,maison,Article 664
REF00665,images/fichiers/REF00665.jpg,F104,accessoire,Article 665
REF00666,images/fichiers/REF00666.jpg,F105,accessoire,Article 666
REF00667,images/fichiers/REF00667.jpg,F106,bas,Article 667
REF00668,images/fichiers/REF00668.jpg,F107,bas,Article 668
REF00669,images/fichiers/REF00669.jpg,F108,haut,Article 669
REF00670,images/fichiers/REF00670.jpg,F109,maison,Article 670
REF00671,images/fichiers/REF00671.jpg,F110,haut,Article 671
REF00672,images/fichiers/REF00672.jpg,F111,accessoire,Article 672
REF00673,images/fichiers/REF00673.jpg,F112,accessoire,Article 673
REF00674,images/fichiers/REF00674.jpg,F113,maison,Article 674
REF00675,images/fichiers/REF00675.jpg,F114,accessoire,Article 675
REF00676,images/fichiers/REF00676.jpg,F115,haut,Article 676
REF00677,images/fichiers/REF00677.jpg,F116,accessoire,Article 677
REF00678,images/fichiers/REF00678.jpg,F117,haut,Article 678
REF00679,images/fichiers/REF00679.jpg,F118,haut,Article 679
REF00680,images/fichiers/REF00680.jpg,F119,accessoire,Article 680
REF00681,images/fichiers/REF00681.jpg,F120,accessoire,Article 681
REF00682,images/fichiers/REF00682.jpg,F121,haut,Article 682
REF00683,images/fichiers/REF00683.jpg,F122,bas,Article 683
REF00684,images/fichiers/REF00684.jpg,F123,accessoire,Article 684
REF00685,images/fichiers/REF00685.jpg,F124,bas,Article 685
REF00686,images/fichiers/REF00686.jpg,F125,haut,Article 686
REF00687,images/fichiers/REF00687.jpg,F126,bas,Article 687
REF00688,images/fichiers/REF00688.jpg,F127,accessoire,Article 688
REF00689,images/fichiers/REF00689.jpg,F128,accessoire,Article 689
REF00690,images/fichiers/REF00690.jpg,F129,accessoire,Article 690
REF00691,images/fichiers/REF00691.jpg,F130,haut,Article 691
REF00692,images/fichiers/REF00692.jpg,F131,maison,Article 692
REF00693,images/fichiers/REF00693.jpg,F132,maison,Article 693
REF00694,images/fichiers/REF00694.jpg,F133,bas,Article 694
REF00695,images/fichiers/REF00695.jpg,F134,haut,Article 695
REF00696,images/fichiers/REF00696.jpg,F135,accessoire,Article 696
REF00697,images/fichiers/REF00697.jpg,F136,maison,Article 697
REF00698,images/fichiers/REF00698.jpg,F137,haut,Article 698
REF00699,images/fichiers/REF00699.jpg,F138,maison,Article 699
REF00700,images/fichiers/REF00700.jpg,F139,bas,Article 700
REF00701,images/fichiers/REF00701.jpg,F000,maison,Article 701
REF00702,images/fichiers/REF00702.jpg,F001,maison,Article 702
REF00703,images/fichiers/REF00703.jpg,F002,maison,Article 703
REF00704,images/fichiers/REF00704.jpg,F003,bas,Article 704
REF00705,images/fichiers/REF00705.jpg,F004,maison,Article 705
REF00706,images/fichiers/REF00706.jpg,F005,bas,Article 706
REF00707,images/fichiers/REF00707.jpg,F006,haut,Article 707
REF00708,images/fichiers/REF00708.jpg,F007,bas,Article 708
REF00709,images/fichiers/REF00709.jpg,F008,bas,Article 709
REF00710,images/fichiers/REF00710.jpg,F009,haut,Article 710
REF00711,images/fichiers/REF00711.jpg,F010,accessoire,Article 711
REF00712,images/fichiers/REF00712.jpg,F011,bas,Article 712
REF00713,images/fichiers/REF00713.jpg,F012,maison,Article 713
REF00714,images/fichiers/REF00714.jpg,F013,accessoire,Article 714
REF00715,images/fichiers/REF00715.jpg,F014,accessoire,Article 715
REF00716,images/fichiers/REF00716.jpg,F015,maison,Article 716
REF00717,images/fichiers/REF00717.jpg,F016,haut,Article 717
REF00718,images/fichiers/REF00718.jpg,F017,haut,Article 718
REF00719,images/fichiers/REF00719.jpg,F018,accessoire,Article 719
REF00720,images/fichiers/REF00720.jpg,F019,accessoire,Article 720
REF00721,images/fichiers/REF00721.jpg,F020,haut,Article 721
REF00722,images/fichiers/REF00722.jpg,F021,maison,Article 722
REF00723,images/fichiers/REF00723.jpg,F022,maison,Article 723
REF00724,images/fichiers/REF00724.jpg,F023,bas,Article 724
REF00725,images/fichiers/REF00725.jpg,F024,accessoire,Article 725
REF00726,images/fichiers/REF00726.jpg,F025,haut,Article 726
REF00727,images/fichiers/REF00727.jpg,F026,haut,Article 727
REF00728,images/fichiers/REF00728.jpg,F027,maison,Article 728
REF00729,images/fichiers/REF00729.jpg,F028,maison,Article 729
REF00730,images/fichiers/REF00730.jpg,F029,accessoire,Article 730
REF00731,images/fichiers/REF00731.jpg,F030,bas,Article 731
REF00732,images/fichiers/REF00732.jpg,F031,haut,Article 732
REF00733,images/fichiers/REF00733.jpg,F032,haut,Article 733
REF00734,images/fichiers/REF00734.jpg,F033,maison,Article 734
REF00735,images/fichiers/REF00735.jpg,F034,accessoire,Article 735
REF00736,images/fichiers/REF00736.jpg,F035,accessoire,Article 736
REF00737,images/fichiers/REF00737.jpg,F036,maison,Article 737
REF00738,images/fichiers/REF00738.jpg,F037,bas,Article 738
REF00739,images/fichiers/REF00739.jpg,F038,haut,Article 739
REF00740,images/fichiers/REF00740.jpg,F039,maison,Article 740
REF00741,images/fichiers/REF00741.jpg,F040,bas,Article 741
REF00742,images/fichiers/REF00742.jpg,F041,bas,Article 742
REF00743,images/fichiers/REF00743.jpg,F042,bas,Article 743
REF00744,images/fichiers/REF00744.jpg,F043,haut,Article 744
REF00745,images/fichiers/REF00745.jpg,F044,bas,Article 745
REF00746,images/fichiers/REF00746.jpg,F045,haut,Article 746
REF00747,images/fichiers/REF00747.jpg,F046,maison,Article 747
REF00748,images/fichiers/REF00748.jpg,F047,haut,Article 748
REF00749,images/fichiers/REF00749.jpg,F048,accessoire,Article 749
REF00750,images/fichiers/REF00750.jpg,F049,accessoire,Article 750
REF00751,images/fichiers/REF00751.jpg,F050,haut,Article 751
REF00752,images/fichiers/REF00752.jpg,F051,haut,Article 752
REF00753,images/fichiers/REF00753.jpg,F052,maison,Article 753
REF00754,images/fichiers/REF00754.jpg,F053,maison,Article 754
REF00755,images/fichiers/REF00755.jpg,F054,maison,Article 755
REF00756,images/fichiers/REF00756.jpg,F055,haut,Article 756
REF00757,images/fichiers/REF00757.jpg,F056,accessoire,Article 757
REF00758,images/fichiers/REF00758.jpg,F057,haut,Article 758
REF00759,images/fichiers/REF00759.jpg,F058,maison,Article 759
REF00760,images/fichiers/REF00760.jpg,F059,accessoire,Article 760
REF00761,images/fichiers/REF00761.jpg,F060,haut,Article 761
REF00762,images/fichiers/REF00762.jpg,F061,haut,Article 762
REF00763,images/fichiers/REF00763.jpg,F062,haut,Article 763
REF00764,images/fichiers/REF00764.jpg,F063,haut,Article 764
REF00765,images/fichiers/REF00765.jpg,F064,haut,Article 765
REF00766,images/fichiers/REF00766.jpg,F065,haut,Article 766
REF00767,images/fichiers/REF00767.jpg,F066,haut,Article 767
REF00768,images/fichiers/REF00768.jpg,F067,maison,Article 768
REF00769,images/fichiers/REF00769.jpg,F068,accessoire,Article 769
REF00770,images/fichiers/REF00770.jpg,F069,maison,Article 770
REF00771,images/fichiers/REF00771.jpg,F070,bas,Article 771
REF00772,images/fichiers/REF00772.jpg,F071,haut,Article 772
REF00773,images/fichiers/REF00773.jpg,F072,maison,Article 773
REF00774,images/fichiers/REF00774.jpg,F073,accessoire,Article 774
REF00775,images/fichiers/REF00775.jpg,F074,accessoire,Article 775
REF00776,images/fichiers/REF00776.jpg,F075,accessoire,Article 776
REF00777,images/fichiers/REF00777.jpg,F076,bas,Article 777
REF00778,images/fichiers/REF00778.jpg,F077,maison,Article 778
REF00779,images/fichiers/REF00779.jpg,F078,haut,Article 779
REF00780,images/fichiers/REF00780.jpg,F079,haut,Article 780
REF00781,images/fichiers/REF00781.jpg,F080,haut,Article 781
REF00782,images/fichiers/REF00782.jpg,F081,maison,Article 782
REF00783,images/fichiers/REF00783.jpg,F082,maison,Article 783
REF00784,images/fichiers/REF00784.jpg,F083,maison,Article 784
REF00785,images/fichiers/REF00785.jpg,F084,maison,Article 785
REF00786,images/fichiers/REF00786.jpg,F085,accessoire,Article 786
REF00787,images/fichiers/REF00787.jpg,F086,maison,Article 787
REF00788,images/fichiers/REF00788.jpg,F087,haut,Article 788
REF00789,images/fichiers/REF00789.jpg,F088,haut,Article 789
REF00790,images/fichiers/REF00790.jpg,F089,maison,Article 790
REF00791,images/fichiers/REF00791.jpg,F090,bas,Article 791
REF00792,images/fichiers/REF00792.jpg,F091,bas,Article 792
REF00793,images/fichiers/REF00793.jpg,F092,maison,Article 793
REF00794,images/fichiers/REF00794.jpg,F093,accessoire,Article 794
REF00795,images/fichiers/REF00795.jpg,F094,accessoire,Article 795
REF00796,images/fichiers/REF00796.jpg,F095,bas,Article 796
REF00797,images/fichiers/REF00797.jpg,F096,bas,Article 797
REF00798,images/fichiers/REF00798.jpg,F097,bas,Article 798
REF00799,images/fichiers/REF00799.jpg,F098,haut,Article 799
REF00800,images/fichiers/REF00800.jpg,F099,accessoire,Article 800
REF00801,images/fichiers/REF00801.jpg,F100,accessoire,Article 801
REF00802,images/fichiers/REF00802.jpg,F101,accessoire,Article 802
REF00803,images/fichiers/REF00803.jpg,F102,accessoire,Article 803
REF00804,images/fichiers/REF00804.jpg,F103,haut,Article 804
REF00805,images/fichiers/REF00805.jpg,F104,bas,Article 805
REF00806,images/fichiers/REF00806.jpg,F105,haut,Article 806
REF00807,images/fichiers/REF00807.jpg,F106,maison,Article 807
REF00808,images/fichiers/REF00808.jpg,F107,bas,Article 808
REF00809,images/fichiers/REF00809.jpg,F108,haut,Article 809
REF00810,images/fichiers/REF00810.jpg,F109,bas,Article 810
REF00811,images/fichiers/REF00811.jpg,F110,bas,Article 811
REF00812,images/fichiers/REF00812.jpg,F111,accessoire,Article 812
REF00813,images/fichiers/REF00813.jpg,F112,accessoire,Article 813
REF00814,images/fichiers/REF00814.jpg,F113,haut,Article 814
REF00815,images/fichiers/REF00815.jpg,F114,bas,Article 815
REF00816,images/fichiers/REF00816.jpg,F115,bas,Article 816
REF00817,images/fichiers/REF00817.jpg,F116,accessoire,Article 817
REF00818,images/fichiers/REF00818.jpg,F117,haut,Article 818
REF00819,images/fichiers/REF00819.jpg,F118,maison,Article 819
REF00820,images/fichiers/REF00820.jpg,F119,accessoire,Article 820
REF00821,images/fichiers/REF00821.jpg,F120,haut,Article 821
REF00822,images/fichiers/REF00822.jpg,F121,haut,Article 822
REF00823,images/fichiers/REF00823.jpg,F122,accessoire,Article 823
REF00824,images/fichiers/REF00824.jpg,F123,bas,Article 824
REF00825,images/fichiers/REF00825.jpg,F124,bas,Article 825
REF00826,images/fichiers/REF00826.jpg,F125,accessoire,Article 826
REF00827,images/fichiers/REF00827.jpg,F126,haut,Article 827
REF00828,images/fichiers/REF00828.jpg,F127,maison,Article 828
REF00829,images/fichiers/REF00829.jpg,F128,haut,Article 829
REF00830,images/fichiers/REF00830.jpg,F129,bas,Article 830
REF00831,images/fichiers/REF00831.jpg,F130,accessoire,Article 831
REF00832,images/fichiers/REF00832.jpg,F131,accessoire,Article 832
REF00833,images/fichiers/REF00833.jpg,F132,maison,Article 833
REF00834,images/fichiers/REF00834.jpg,F133,maison,Article 834
REF00835,images/fichiers/REF00835.jpg,F134,maison,Article 835
REF00836,images/fichiers/REF00836.jpg,F135,accessoire,Article 836
REF00837,images/fichiers/REF00837.jpg,F136,maison,Article 837
REF00838,images/fichiers/REF00838.jpg,F137,maison,Article 838
REF00839,images/fichiers/REF00839.jpg,F138,accessoire,Article 839
REF00840,images/fichiers/REF00840.jpg,F139,accessoire,Article 840
REF00841,images/fichiers/REF00841.jpg,F000,haut,Article 841
REF00842,images/fichiers/REF00842.jpg,F001,haut,Article 842
REF00843,images/fichiers/REF00843.jpg,F002,accessoire,Article 843
REF00844,images/fichiers/REF00844.jpg,F003,haut,Article 844
REF00845,images/fichiers/REF00845.jpg,F004,bas,Article 845
REF00846,images/fichiers/REF00846.jpg,F005,haut,Article 846
REF00847,images/fichiers/REF00847.jpg,F006,accessoire,Article 847
REF00848,images/fichiers/REF00848.jpg,F007,accessoire,Article 848
REF00849,images/fichiers/REF00849.jpg,F008,haut,Article 849
REF00850,images/fichiers/REF00850.jpg,F009,haut,Article 850
REF00851,images/fichiers/REF00851.jpg,F010,bas,Article 851
REF00852,images/fichiers/REF00852.jpg,F011,haut,Article 852
REF00853,images/fichiers/REF00853.jpg,F012,accessoire,Article 853
REF00854,images/fichiers/REF00854.jpg,F013,accessoire,Article 854
REF00855,images/fichiers/REF00855.jpg,F014,maison,Article 855
REF00856,images/fichiers/REF00856.jpg,F015,maison,Article 856
REF00857,images/fichiers/REF00857.jpg,F016,maison,Article 857
REF00858,images/fichiers/REF00858.jpg,F017,maison,Article 858
REF00859,images/fichiers/REF00859.jpg,F018,maison,Article 859
REF00860,images/fichiers/REF00860.jpg,F019,accessoire,Article 860
REF00861,images/fichiers/REF00861.jpg,F020,maison,Article 861
REF00862,images/fichiers/REF00862.jpg,F021,maison,Article 862
REF00863,images/fichiers/REF00863.jpg,F022,maison,Article 863
REF00864,images/fichiers/REF00864.jpg,F023,accessoire,Article 864
REF00865,images/fichiers/REF00865.jpg,F024,haut,Article 865
REF00866,images/fichiers/REF00866.jpg,F025,haut,Article 866
REF00867,images/fichiers/REF00867.jpg,F026,bas,Article 867
REF00868,images/fichiers/REF00868.jpg,F027,maison,Article 868
REF00869,images/fichiers/REF00869.jpg,F028,haut,Article 869
REF00870,images/fichiers/REF00870.jpg,F029,bas,Article 870
REF00871,images/fichiers/REF00871.jpg,F030,haut,Article 871
REF00872,images/fichiers/REF00872.jpg,F031,maison,Article 872
REF00873,images/fichiers/REF00873.jpg,F032,accessoire,Article 873
REF00874,images/fichiers/REF00874.jpg,F033,accessoire,Article 874
REF00875,images/fichiers/REF00875.jpg,F034,maison,Article 875
REF00876,images/fichiers/REF00876.jpg,F035,bas,Article 876
REF00877,images/fichiers/REF00877.jpg,F036,maison,Article 877
REF00878,images/fichiers/REF00878.jpg,F037,haut,Article 878
REF00879,images/fichiers/REF00879.jpg,F038,maison,Article 879
REF00880,images/fichiers/REF00880.jpg,F039,haut,Article 880
REF00881,images/fichiers/REF00881.jpg,F040,maison,Article 881
REF00882,images/fichiers/REF00882.jpg,F041,accessoire,Article 882
REF00883,images/fichiers/REF00883.jpg,F042,bas,Article 883
REF00884,images/fichiers/REF00884.jpg,F043,maison,Article 884
REF00885,images/fichiers/REF00885.jpg,F044,bas,Article 885
REF00886,images/fichiers/REF00886.jpg,F045,maison,Article 886
REF00887,images/fichiers/REF00887.jpg,F046,maison,Article 887
REF00888,images/fichiers/REF00888.jpg,F047,maison,Article 888
REF00889,images/fichiers/REF00889.jpg,F048,accessoire,Article 889
REF00890,images/fichiers/REF00890.jpg,F049,bas,Article 890
REF00891,images/fichiers/REF00891.jpg,F050,bas,Article 891
REF00892,images/fichiers/REF00892.jpg,F051,maison,Article 892
REF00893,images/fichiers/REF00893.jpg,F052,maison,Article 893
REF00894,images/fichiers/REF00894.jpg,F053,bas,Article 894
REF00895,images/fichiers/REF00895.jpg,F054,accessoire,Article 895
REF00896,images/fichiers/REF00896.jpg,F055,maison,Article 896
REF00897,images/fichiers/REF00897.jpg,F056,bas,Article 897
REF00898,images/fichiers/REF00898.jpg,F057,bas,Article 898
REF00899,images/fichiers/REF00899.jpg,F058,maison,Article 899
REF00900,images/fichiers/REF00900.jpg,F059,accessoire,Article 900
REF00901,images/fichiers/REF00901.jpg,F060,accessoire,Article 901
REF00902,images/fichiers/REF00902.jpg,F061,accessoire,Article 902
REF00903,images/fichiers/REF00903.jpg,F062,haut,Article 903
REF00904,images/fichiers/REF00904.jpg,F063,bas,Article 904
REF00905,images/fichiers/REF00905.jpg,F064,bas,Article 905
REF00906,images/fichiers/REF00906.jpg,F065,bas,Article 906
REF00907,images/fichiers/REF00907.jpg,F066,haut,Article 907
REF00908,images/fichiers/REF00908.jpg,F067,bas,Article 908
REF00909,images/fichiers/REF00909.jpg,F068,bas,Article 909
REF00910,images/fichiers/REF00910.jpg,F069,haut,Article 910
REF00911,images/fichiers/REF00911.jpg,F070,haut,Article 911
REF00912,images/fichiers/REF00912.jpg,F071,bas,Article 912
REF00913,images/fichiers/REF00913.jpg,F072,maison,Article 913
REF00914,images/fichiers/REF00914.jpg,F073,maison,Article 914
REF00915,images/fichiers/REF00915.jpg,F074,bas,Article 915
REF00916,images/fichiers/REF00916.jpg,F075,haut,Article 916
REF00917,images/fichiers/REF00917.jpg,F076,accessoire,Article 917
REF00918,images/fichiers/REF00918.jpg,F077,maison,Article 918
REF00919,images/fichiers/REF00919.jpg,F078,haut,Article 919
REF00920,images/fichiers/REF00920.jpg,F079,accessoire,Article 920
REF00921,images/fichiers/REF00921.jpg,F080,maison,Article 921
REF00922,images/fichiers/REF00922.jpg,F081,maison,Article 922
REF00923,images/fichiers/REF00923.jpg,F082,accessoire,Article 923
REF00924,images/fichiers/REF00924.jpg,F083,haut,Article 924
REF00925,images/fichiers/REF00925.jpg,F084,accessoire,Article 925
REF00926,images/fichiers/REF00926.jpg,F085,bas,Article 926
REF00927,images/fichiers/REF00927.jpg,F086,accessoire,Article 927
REF00928,images/fichiers/REF00928.jpg,F087,accessoire,Article 928
REF00929,images/fichiers/REF00929.jpg,F088,haut,Article 929
REF00930,images/fichiers/REF00930.jpg,F089,bas,Article 930
REF00931,images/fichiers/REF00931.jpg,F090,haut,Article 931
REF00932,images/fichiers/REF00932.jpg,F091,bas,Article 932
REF00933,images/fichiers/REF00933.jpg,F092,accessoire,Article 933
REF00934,images/fichiers/REF00934.jpg,F093,bas,Article 934
REF00935,images/fichiers/REF00935.jpg,F094,accessoire,Article 935
REF00936,images/fichiers/REF00936.jpg,F095,haut,Article 936
REF00937,images/fichiers/REF00937.jpg,F096,accessoire,Article 937
REF00938,images/fichiers/REF00938.jpg,F097,accessoire,Article 938
REF00939,images/fichiers/REF00939.jpg,F098,maison,Article 939
REF00940,images/fichiers/REF00940.jpg,F099,bas,Article 940
REF00941,images/fichiers/REF00941.jpg,F100,haut,Article 941
REF00942,images/fichiers/REF00942.jpg,F101,bas,Article 942
REF00943,images/fichiers/REF00943.jpg,F102,haut,Article 943
REF00944,images/fichiers/REF00944.jpg,F103,accessoire,Article 944
REF00945,images/fichiers/REF00945.jpg,F104,haut,Article 945
REF00946,images/fichiers/REF00946.jpg,F105,bas,Article 946
REF00947,images/fichiers/REF00947.jpg,F106,maison,Article 947
REF00948,images/fichiers/REF00948.jpg,F107,accessoire,Article 948
REF00949,images/fichiers/REF00949.jpg,F108,accessoire,Article 949
REF00950,images/fichiers/REF00950.jpg,F109,bas,Article 950
REF00951,images/fichiers/REF00951.jpg,F110,haut,Article 951
REF00952,images/fichiers/REF00952.jpg,F111,maison,Article 952
REF00953,images/fichiers/REF00953.jpg,F112,haut,Article 953
REF00954,images/fichiers/REF00954.jpg,F113,accessoire,Article 954
REF00955,images/fichiers/REF00955.jpg,F114,maison,Article 955
REF00956,images/fichiers/REF00956.jpg,F115,haut,Article 956
REF00957,images/fichiers/REF00957.jpg,F116,accessoire,Article 957
REF00958,images/fichiers/REF00958.jpg,F117,accessoire,Article 958
REF00959,images/fichiers/REF00959.jpg,F118,maison,Article 959
REF00960,images/fichiers/REF00960.jpg,F119,bas,Article 960
REF00961,images/fichiers/REF00961.jpg,F120,accessoire,Article 961
REF00962,images/fichiers/REF00962.jpg,F121,haut,Article 962
REF00963,images/fichiers/REF00963.jpg,F122,accessoire,Article 963
REF00964,images/fichiers/REF00964.jpg,F123,bas,Article 964
REF00965,images/fichiers/REF00965.jpg,F124,haut,Article 965
REF00966,images/fichiers/REF00966.jpg,F125,bas,Article 966
REF00967,images/fichiers/REF00967.jpg,F126,accessoire,Article 967
REF00968,images/fichiers/REF00968.jpg,F127,haut,Article 968
REF00969,images/fichiers/REF00969.jpg,F128,accessoire,Article 969
REF00970,images/fichiers/REF00970.jpg,F129,maison,Article 970
REF00971,images/fichiers/REF00971.jpg,F130,accessoire,Article 971
REF00972,images/fichiers/REF00972.jpg,F131,maison,Article 972
REF00973,images/fichiers/REF00973.jpg,F132,haut,Article 973
REF00974,images/fichiers/REF00974.jpg,F133,accessoire,Article 974
REF00975,images/fichiers/REF00975.jpg,F134,bas,Article 975
REF00976,images/fichiers/REF00976.jpg,F135,accessoire,Article 976
REF00977,images/fichiers/REF00977.jpg,F136,haut,Article 977
REF00978,images/fichiers/REF00978.jpg,F137,accessoire,Article 978
REF00979,images/fichiers/REF00979.jpg,F138,bas,Article 979
REF00980,images/fichiers/REF00980.jpg,F139,bas,Article 980
REF00981,images/fichiers/REF00981.jpg,F000,maison,Article 981
REF00982,images/fichiers/REF00982.jpg,F001,accessoire,Article 982
REF00983,images/fichiers/REF00983.jpg,F002,haut,Article 983
REF00984,images/fichiers/REF00984.jpg,F003,accessoire,Article 984
REF00985,images/fichiers/REF00985.jpg,F004,haut,Article 985
REF00986,images/fichiers/REF00986.jpg,F005,bas,Article 986
REF00987,images/fichiers/REF00987.jpg,F006,maison,Article 987
REF00988,images/fichiers/REF00988.jpg,F007,bas,Article 988
REF00989,images/fichiers/REF00989.jpg,F008,haut,Article 989
REF00990,images/fichiers/REF00990.jpg,F009,bas,Article 990
REF00991,images/fichiers/REF00991.jpg,F010,bas,Article 991
REF00992,images/fichiers/REF00992.jpg,F011,accessoire,Article 992
REF00993,images/fichiers/REF00993.jpg,F012,accessoire,Article 993
REF00994,images/fichiers/REF00994.jpg,F013,maison,Article 994
REF00995,images/fichiers/REF00995.jpg,F014,maison,Article 995
REF00996,images/fichiers/REF00996.jpg,F015,haut,Article 996
REF00997,images/fichiers/REF00997.jpg,F016,haut,Article 997
REF00998,images/fichiers/REF00998.jpg,F017,maison,Article 998
REF00999,images/fichiers/REF00999.jpg,F018,maison,Article 999
REF01000,images/fichiers/REF01000.jpg,F019,bas,Article 1000
REF01001,images/fichiers/REF01001.jpg,F020,bas,Article 1001
REF01002,images/fichiers/REF01002.jpg,F021,bas,Article 1002
REF01003,images/fichiers/REF01003.jpg,F022,maison,Article 1003
REF01004,images/fichiers/REF01004.jpg,F023,maison,Article 1004
REF01005,images/fichiers/REF01005.jpg,F024,haut,Article 1005
REF01006,images/fichiers/REF01006.jpg,F025,haut,Article 1006
REF01007,images/fichiers/REF01007.jpg,F026,maison,Article 1007
REF01008,images/fichiers/REF01008.jpg,F027,accessoire,Article 1008
REF01009,images/fichiers/REF01009.jpg,F028,bas,Article 1009
REF01010,images/fichiers/REF01010.jpg,F029,haut,Article 1010
REF01011,images/fichiers/REF01011.jpg,F030,bas,Article 1011
REF01012,images/fichiers/REF01012.jpg,F031,accessoire,Article 1012
REF01013,images/fichiers/REF01013.jpg,F032,maison,Article 1013
REF01014,images/fichiers/REF01014.jpg,F033,accessoire,Article 1014
REF01015,images/fichiers/REF01015.jpg,F034,accessoire,Article 1015
REF01016,images/fichiers/REF01016.jpg,F035,haut,Article 1016
REF01017,images/fichiers/REF01017.jpg,F036,accessoire,Article 1017
REF01018,images/fichiers/REF01018.jpg,F037,maison,Article 1018
REF01019,images/fichiers/REF01019.jpg,F038,haut,Article 1019
REF01020,images/fichiers/REF01020.jpg,F039,haut,Article 1020
REF01021,images/fichiers/REF01021.jpg,F040,haut,Article 1021
REF01022,images/fichiers/REF01022.jpg,F041,bas,Article 1022
REF01023,images/fichiers/REF01023.jpg,F042,accessoire,Article 1023
REF01024,images/fichiers/REF01024.jpg,F043,maison,Article 1024
REF01025,images/fichiers/REF01025.jpg,F044,maison,Article 1025
REF01026,images/fichiers/REF01026.jpg,F045,haut,Article 1026
REF01027,images/fichiers/REF01027.jpg,F046,accessoire,Article 1027
REF01028,images/fichiers/REF01028.jpg,F047,maison,Article 1028
REF01029,images/fichiers/REF01029.jpg,F048,haut,Article 1029
REF01030,images/fichiers/REF01030.jpg,F049,accessoire,Article 1030
REF01031,images/fichiers/REF01031.jpg,F050,maison,Article 1031
REF01032,images/fichiers/REF01032.jpg,F051,accessoire,Article 1032
REF01033,images/fichiers/REF01033.jpg,F052,bas,Article 1033
REF01034,images/fichiers/REF01034.jpg,F053,maison,Article 1034
REF01035,images/fichiers/REF01035.jpg,F054,haut,Article 1035
REF01036,images/fichiers/REF01036.jpg,F055,bas,Article 1036
REF01037,images/fichiers/REF01037.jpg,F056,bas,Article 1037
REF01038,images/fichiers/REF01038.jpg,F057,bas,Article 1038
REF01039,images/fichiers/REF01039.jpg,F058,maison,Article 1039
REF01040,images/fichiers/REF01040.jpg,F059,maison,Article 1040
REF01041,images/fichiers/REF01041.jpg,F060,accessoire,Article 1041
REF01042,images/fichiers/REF01042.jpg,F061,maison,Article 1042
REF01043,images/fichiers/REF01043.jpg,F062,bas,Article 1043
REF01044,images/fichiers/REF01044.jpg,F063,haut,Article 1044
REF01045,images/fichiers/REF01045.jpg,F064,maison,Article 1045
REF01046,images/fichiers/REF01046.jpg,F065,accessoire,Article 1046
REF01047,images/fichiers/REF01047.jpg,F066,accessoire,Article 1047
REF01048,images/fichiers/REF01048.jpg,F067,maison,Article 1048
REF01049,images/fichiers/REF01049.jpg,F068,haut,Article 1049
REF01050,images/fichiers/REF01050.jpg,F069,bas,Article 1050
REF01051,images/fichiers/REF01051.jpg,F070,maison,Article 1051
REF01052,images/fichiers/REF01052.jpg,F071,bas,Article 1052
REF01053,images/fichiers/REF01053.jpg,F072,maison,Article 1053
REF01054,images/fichiers/REF01054.jpg,F073,maison,Article 1054
REF01055,images/fichiers/REF01055.jpg,F074,accessoire,Article 1055
REF01056,images/fichiers/REF01056.jpg,F075,bas,Article 1056
REF01057,images/fichiers/REF01057.jpg,F076,accessoire,Article 1057
REF01058,images/fichiers/REF01058.jpg,F077,bas,Article 1058
REF01059,images/fichiers/REF01059.jpg,F078,bas,Article 1059
REF01060,images/fichiers/REF01060.jpg,F079,maison,Article 1060
REF01061,images/fichiers/REF01061.jpg,F080,maison,Article 1061
REF01062,images/fichiers/REF01062.jpg,F081,bas,Article 1062
REF01063,images/fichiers/REF01063.jpg,F082,maison,Article 1063
REF01064,images/fichiers/REF01064.jpg,F083,accessoire,Article 1064
REF01065,images/fichiers/REF01065.jpg,F084,bas,Article 1065
REF01066,images/fichiers/REF01066.jpg,F085,maison,Article 1066
REF01067,images/fichiers/REF01067.jpg,F086,accessoire,Article 1067
REF01068,images/fichiers/REF01068.jpg,F087,maison,Article 1068
REF01069,images/fichiers/REF01069.jpg,F088,bas,Article 1069
REF01070,images/fichiers/REF01070.jpg,F089,haut,Article 1070
REF01071,images/fichiers/REF01071.jpg,F090,bas,Article 1071
REF01072,images/fichiers/REF01072.jpg,F091,accessoire,Article 1072
REF01073,images/fichiers/REF01073.jpg,F092,haut,Article 1073
REF01074,images/fichiers/REF01074.jpg,F093,haut,Article 1074
REF01075,images/fichiers/REF01075.jpg,F094,bas,Article 1075
REF01076,images/fichiers/REF01076.jpg,F095,accessoire,Article 1076
REF01077,images/fichiers/REF01077.jpg,F096,bas,Article 1077
REF01078,images/fichiers/REF01078.jpg,F097,maison,Article 1078
REF01079,images/fichiers/REF01079.jpg,F098,bas,Article 1079
REF01080,images/fichiers/REF01080.jpg,F099,accessoire,Article 1080
REF01081,images/fichiers/REF01081.jpg,F100,haut,Article 1081
REF01082,images/fichiers/REF01082.jpg,F101,bas,Article 1082
REF01083,images/fichiers/REF01083.jpg,F102,bas,Article 1083
REF01084,images/fichiers/REF01084.jpg,F103,bas,Article 1084
REF01085,images/fichiers/REF01085.jpg,F104,accessoire,Article 1085
REF01086,images/fichiers/REF01086.jpg,F105,accessoire,Article 1086
REF01087,images/fichiers/REF01087.jpg,F106,haut,Article 1087
REF01088,images/fichiers/REF01088.jpg,F107,accessoire,Article 1088
REF01089,images/fichiers/REF01089.jpg,F108,maison,Article 1089
REF01090,images/fichiers/REF01090.jpg,F109,haut,Article 1090
REF01091,images/fichiers/REF01091.jpg,F110,bas,Article 1091
REF01092,images/fichiers/REF01092.jpg,F111,accessoire,Article 1092
REF01093,images/fichiers/REF01093.jpg,F112,maison,Article 1093
REF01094,images/fichiers/REF01094.jpg,F113,bas,Article 1094
REF01095,images/fichiers/REF01095.jpg,F114,accessoire,Article 1095
REF01096,images/fichiers/REF01096.jpg,F115,accessoire,Article 1096
REF01097,images/fichiers/REF01097.jpg,F116,accessoire,Article 1097
REF01098,images/fichiers/REF01098.jpg,F117,bas,Article 1098
REF01099,images/fichiers/REF01099.jpg,F118,maison,Article 1099
REF01100,images/fichiers/REF01100.jpg,F119,haut,Article 1100
REF01101,images/fichiers/REF01101.jpg,F120,bas,Article 1101
REF01102,images/fichiers/REF01102.jpg,F121,maison,Article 1102
REF01103,images/fichiers/REF01103.jpg,F122,bas,Article 1103
REF01104,images/fichiers/REF01104.jpg,F123,accessoire,Article 1104
REF01105,images/fichiers/REF01105.jpg,F124,haut,Article 1105
REF01106,images/fichiers/REF01106.jpg,F125,maison,Article 1106
REF01107,images/fichiers/REF01107.jpg,F126,accessoire,Article 1107
REF01108,images/fichiers/REF01108.jpg,F127,haut,Article 1108
REF01109,images/fichiers/REF01109.jpg,F128,accessoire,Article 1109
REF01110,images/fichiers/REF01110.jpg,F129,accessoire,Article 1110
REF01111,images/fichiers/REF01111.jpg,F130,haut,Article 1111
REF01112,images/fichiers/REF01112.jpg,F131,accessoire,Article 1112
REF01113,images/fichiers/REF01113.jpg,F132,maison,Article 1113
REF01114,images/fichiers/REF01114.jpg,F133,accessoire,Article 1114
REF01115,images/fichiers/REF01115.jpg,F134,haut,Article 1115
REF01116,images/fichiers/REF01116.jpg,F135,maison,Article 1116
REF01117,images/fichiers/REF01117.jpg,F136,accessoire,Article 1117
REF01118,images/fichiers/REF01118.jpg,F137,maison,Article 1118
REF01119,images/fichiers/REF01119.jpg,F138,bas,Article 1119
REF01120,images/fichiers/REF01120.jpg,F139,bas,Article 1120
REF01121,images/fichiers/REF01121.jpg,F000,accessoire,Article 1121
REF01122,images/fichiers/REF01122.jpg,F001,accessoire,Article 1122
REF01123,images/fichiers/REF01123.jpg,F002,bas,Article 1123
REF01124,images/fichiers/REF01124.jpg,F003,maison,Article 1124
REF01125,images/fichiers/REF01125.jpg,F004,haut,Article 1125
REF01126,images/fichiers/REF01126.jpg,F005,accessoire,Article 1126
REF01127,images/fichiers/REF01127.jpg,F006,accessoire,Article 1127
REF01128,images/fichiers/REF01128.jpg,F007,bas,Article 1128
REF01129,images/fichiers/REF01129.jpg,F008,bas,Article 1129
REF01130,images/fichiers/REF01130.jpg,F009,maison,Article 1130
REF01131,images/fichiers/REF01131.jpg,F010,accessoire,Article 1131
REF01132,images/fichiers/REF01132.jpg,F011,maison,Article 1132
REF01133,images/fichiers/REF01133.jpg,F012,haut,Article 1133
REF01134,images/fichiers/REF01134.jpg,F013,bas,Article 1134
REF01135,images/fichiers/REF01135.jpg,F014,bas,Article 1135
REF01136,images/fichiers/REF01136.jpg,F015,bas,Article 1136
REF01137,images/fichiers/REF01137.jpg,F016,haut,Article 1137
REF01138,images/fichiers/REF01138.jpg,F017,accessoire,Article 1138
REF01139,images/fichiers/REF01139.jpg,F018,haut,Article 1139
REF01140,images/fichiers/REF01140.jpg,F019,bas,Article 1140
REF01141,images/fichiers/REF01141.jpg,F020,haut,Article 1141
REF01142,images/fichiers/REF01142.jpg,F021,bas,Article 1142
REF01143,images/fichiers/REF01143.jpg,F022,bas,Article 1143
REF01144,images/fichiers/REF01144.jpg,F023,bas,Article 1144
REF01145,images/fichiers/REF01145.jpg,F024,maison,Article 1145
REF01146,images/fichiers/REF01146.jpg,F025,bas,Article 1146
REF01147,images/fichiers/REF01147.jpg,F026,maison,Article 1147
REF01148,images/fichiers/REF01148.jpg,F027,maison,Article 1148
REF01149,images/fichiers/REF01149.jpg,F028,bas,Article 1149
REF01150,images/fichiers/REF01150.jpg,F029,accessoire,Article 1150
REF01151,images/fichiers/REF01151.jpg,F030,accessoire,Article 1151
REF01152,images/fichiers/REF01152.jpg,F031,maison,Article 1152
REF01153,images/fichiers/REF01153.jpg,F032,haut,Article 1153
REF01154,images/fichiers/REF01154.jpg,F033,haut,Article 1154
REF01155,images/fichiers/REF01155.jpg,F034,bas,Article 1155
REF01156,images/fichiers/REF01156.jpg,F035,accessoire,Article 1156
REF01157,images/fichiers/REF01157.jpg,F036,bas,Article 1157
REF01158,images/fichiers/REF01158.jpg,F037,haut,Article 1158
REF01159,images/fichiers/REF01159.jpg,F038,accessoire,Article 1159
REF01160,images/fichiers/REF01160.jpg,F039,maison,Article 1160
REF01161,images/fichiers/REF01161.jpg,F040,haut,Article 1161
REF01162,images/fichiers/REF01162.jpg,F041,accessoire,Article 1162
REF01163,images/fichiers/REF01163.jpg,F042,accessoire,Article 1163
REF01164,images/fichiers/REF01164.jpg,F043,haut,Article 1164
REF01165,images/fichiers/REF01165.jpg,F044,haut,Article 1165
REF01166,images/fichiers/REF01166.jpg,F045,bas,Article 1166
REF01167,images/fichiers/REF01167.jpg,F046,haut,Article 1167
REF01168,images/fichiers/REF01168.jpg,F047,haut,Article 1168
REF01169,images/fichiers/REF01169.jpg,F048,maison,Article 1169
REF01170,images/fichiers/REF01170.jpg,F049,accessoire,Article 1170
REF01171,images/fichiers/REF01171.jpg,F050,maison,Article 1171
REF01172,images/fichiers/REF01172.jpg,F051,haut,Article 1172
REF01173,images/fichiers/REF01173.jpg,F052,accessoire,Article 1173
REF01174,images/fichiers/REF01174.jpg,F053,haut,Article 1174
REF01175,images/fichiers/REF01175.jpg,F054,maison,Article 1175
REF01176,images/fichiers/REF01176.jpg,F055,haut,Article 1176
REF01177,images/fichiers/REF01177.jpg,F056,accessoire,Article 1177
REF01178,images/fichiers/REF01178.jpg,F057,bas,Article 1178
REF01179,images/fichiers/REF01179.jpg,F058,maison,Article 1179
REF01180,images/fichiers/REF01180.jpg,F059,maison,Article 1180
REF01181,images/fichiers/REF01181.jpg,F060,haut,Article 1181
REF01182,images/fichiers/REF01182.jpg,F061,bas,Article 1182
REF01183,images/fichiers/REF01183.jpg,F062,maison,Article 1183
REF01184,images/fichiers/REF01184.jpg,F063,haut,Article 1184
REF01185,images/fichiers/REF01185.jpg,F064,accessoire,Article 1185
REF01186,images/fichiers/REF01186.jpg,F065,haut,Article 1186
REF01187,images/fichiers/REF01187.jpg,F066,bas,Article 1187
REF01188,images/fichiers/REF01188.jpg,F067,maison,Article 1188
REF01189,images/fichiers/REF01189.jpg,F068,haut,Article 1189
REF01190,images/fichiers/REF01190.jpg,F069,haut,Article 1190
REF01191,images/fichiers/REF01191.jpg,F070,maison,Article 1191
REF01192,images/fichiers/REF01192.jpg,F071,haut,Article 1192
REF01193,images/fichiers/REF01193.jpg,F072,haut,Article 1193
REF01194,images/fichiers/REF01194.jpg,F073,haut,Article 1194
REF01195,images/fichiers/REF01195.jpg,F074,haut,Article 1195
REF01196,images/fichiers/REF01196.jpg,F075,accessoire,Article 1196
REF01197,images/fichiers/REF01197.jpg,F076,maison,Article 1197
REF01198,images/fichiers/REF01198.jpg,F077,haut,Article 1198
REF01199,images/fichiers/REF01199.jpg,F078,maison,Article 1199
REF01200,images/fichiers/REF01200.jpg,F079,haut,Article 1200
