compte_id,date_conversion
C000008,2026-05-01
C000012,2026-05-01
C000037,2026-05-01
C000048,2026-05-01
C000050,2026-05-01
C000056,2026-05-01
C000060,2026-05-01
C000061,2026-05-01
C000096,2026-05-01
C000099,2026-05-01
C000102,2026-05-01
C000105,2026-05-01
C000107,2026-05-01
C000109,2026-05-01
C000115,2026-05-01
C000122,2026-05-01
C000124,2026-05-01
C000128,2026-05-01
C000133,2026-05-01
C000136,2026-05-01
C000166,2026-05-01
C000176,2026-05-01
C000205,2026-05-01
C000213,2026-05-01
C000215,2026-05-01
C000221,2026-05-01
C000225,2026-05-01
C000226,2026-05-01
C000242,2026-05-01
C000249,2026-05-01
C000250,2026-05-01
C000252,2026-05-01
C000268,2026-05-01
C000274,2026-05-01
C000278,2026-05-01
C000288,2026-05-01
C000293,2026-05-01
C000295,2026-05-01
C000297,2026-05-01
C000298,2026-05-01
C000305,2026-05-01
C000306,2026-05-01
C000327,2026-05-01
C000349,2026-05-01
C000350,2026-05-01
C000354,2026-05-01
C000363,2026-05-01
C000380,2026-05-01
C000389,2026-05-01
C000398,2026-05-01
C000400,2026-05-01
C000409,2026-05-01
C000414,2026-05-01
C000435,2026-05-01
C000456,2026-05-01
C000467,2026-05-01
C000487,2026-05-01
C000489,2026-05-01
C000495,2026-05-01
C000498,2026-05-01
C000504,2026-05-01
C000507,2026-05-01
C000508,2026-05-01
C000524,2026-05-01
C000526,2026-05-01
C000528,2026-05-01
C000548,2026-05-01
C000551,2026-05-01
C000556,2026-05-01
C000561,2026-05-01
C000569,2026-05-01
C000582,2026-05-01
C000583,2026-05-01
C000586,2026-05-01
C000594,2026-05-01
C000608,2026-05-01
C000620,2026-05-01
C000626,2026-05-01
C000627,2026-05-01
C000632,2026-05-01
C000641,2026-05-01
C000650,2026-05-01
C000652,2026-05-01
C000667,2026-05-01
C000679,2026-05-01
C000688,2026-05-01
C000691,2026-05-01
C000692,2026-05-01
C000709,2026-05-01
C000723,2026-05-01
C000741,2026-05-01
C000743,2026-05-01
C000754,2026-05-01
C000763,2026-05-01
C000764,2026-05-01
C000765,2026-05-01
C000770,2026-05-01
C000775,2026-05-01
C000779,2026-05-01
C000786,2026-05-01
C000790,2026-05-01
C000807,2026-05-01
C000810,2026-05-01
C000815,2026-05-01
C000823,2026-05-01
C000853,2026-05-01
C000861,2026-05-01
C000867,2026-05-01
C000882,2026-05-01
C000884,2026-05-01
C000889,2026-05-01
C000892,2026-05-01
C000895,2026-05-01
C000897,2026-05-01
C000901,2026-05-01
C000907,2026-05-01
C000917,2026-05-01
C000926,2026-05-01
C000939,2026-05-01
C000956,2026-05-01
C000961,2026-05-01
C000973,2026-05-01
C000987,2026-05-01
C000991,2026-05-01
C001000,2026-05-01
C001002,2026-05-01
C001003,2026-05-01
C001020,2026-05-01
C001034,2026-05-01
C001046,2026-05-01
C001049,2026-05-01
C001062,2026-05-01
C001065,2026-05-01
C001069,2026-05-01
C001072,2026-05-01
C001076,2026-05-01
C001077,2026-05-01
C001083,2026-05-01
C001095,2026-05-01
C001102,2026-05-01
C001115,2026-05-01
C001122,2026-05-01
C001123,2026-05-01
C001131,2026-05-01
C001138,2026-05-01
C001143,2026-05-01
C001153,2026-05-01
C001164,2026-05-01
C001183,2026-05-01
C001191,2026-05-01
C001195,2026-05-01
C001222,2026-05-01
C001250,2026-05-01
C001262,2026-05-01
C001263,2026-05-01
C001267,2026-05-01
C001282,2026-05-01
C001283,2026-05-01
C001285,2026-05-01
C001288,2026-05-01
C001299,2026-05-01
C001316,2026-05-01
C001334,2026-05-01
C001371,2026-05-01
C001372,2026-05-01
C001377,2026-05-01
C001385,2026-05-01
C001393,2026-05-01
C001410,2026-05-01
C001420,2026-05-01
C001425,2026-05-01
C001430,2026-05-01
C001436,2026-05-01
C001443,2026-05-01
C001448,2026-05-01
C001472,2026-05-01
C001477,2026-05-01
C001481,2026-05-01
C001482,2026-05-01
C001483,2026-05-01
C001484,2026-05-01
C001498,2026-05-01
C001517,2026-05-01
C001525,2026-05-01
C001544,2026-05-01
C001554,2026-05-01
C001560,2026-05-01
C001567,2026-05-01
C001575,2026-05-01
C001578,2026-05-01
C001579,2026-05-01
C001584,2026-05-01
C001591,2026-05-01
C001601,2026-05-01
C001609,2026-05-01
C001618,2026-05-01
C001621,2026-05-01
C001623,2026-05-01
C001628,2026-05-01
C001629,2026-05-01
C001631,2026-05-01
C001644,2026-05-01
C001652,2026-05-01
C001654,2026-05-01
C001668,2026-05-01
C001670,2026-05-01
C001676,2026-05-01
C001699,2026-05-01
C001711,2026-05-01
C001726,2026-05-01
C001727,2026-05-01
C001730,2026-05-01
C001733,2026-05-01
C001759,2026-05-01
C001763,2026-05-01
C001765,2026-05-01
C001773,2026-05-01
C001779,2026-05-01
C001782,2026-05-01
C001783,2026-05-01
C001804,2026-05-01
C001810,2026-05-01
C001820,2026-05-01
C001826,2026-05-01
C001830,2026-05-01
C001834,2026-05-01
C001837,2026-05-01
C001851,2026-05-01
C001854,2026-05-01
C001871,2026-05-01
C001875,2026-05-01
C001882,2026-05-01
C001910,2026-05-01
C001919,2026-05-01
C001920,2026-05-01
C001925,2026-05-01
C001936,2026-05-01
C001949,2026-05-01
C001951,2026-05-01
C001966,2026-05-01
C001967,2026-05-01
C001985,2026-05-01
C001997,2026-05-01
C002004,2026-05-01
C002008,2026-05-01
C002022,2026-05-01
C002044,2026-05-01
C002056,2026-05-01
C002060,2026-05-01
C002064,2026-05-01
C002071,2026-05-01
C002074,2026-05-01
C002086,2026-05-01
C002088,2026-05-01
C002101,2026-05-01
C002115,2026-05-01
C002119,2026-05-01
C002120,2026-05-01
C002122,2026-05-01
C002124,2026-05-01
C002145,2026-05-01
C002146,2026-05-01
C002209,2026-05-01
C002222,2026-05-01
C002224,2026-05-01
C002225,2026-05-01
C002242,2026-05-01
C002248,2026-05-01
C002255,2026-05-01
C002259,2026-05-01
C002286,2026-05-01
C002292,2026-05-01
C002304,2026-05-01
C002307,2026-05-01
C002317,2026-05-01
C002324,2026-05-01
C002334,2026-05-01
C002341,2026-05-01
C002345,2026-05-01
C002356,2026-05-01
C002360,2026-05-01
C002362,2026-05-01
C002380,2026-05-01
C002382,2026-05-01
C002385,2026-05-01
C002407,2026-05-01
C002429,2026-05-01
C002430,2026-05-01
C002446,2026-05-01
C002457,2026-05-01
C002484,2026-05-01
C002490,2026-05-01
C002496,2026-05-01
C002500,2026-05-01
C002532,2026-05-01
C002541,2026-05-01
C002546,2026-05-01
C002548,2026-05-01
C002554,2026-05-01
C002560,2026-05-01
C002561,2026-05-01
C002575,2026-05-01
C002577,2026-05-01
C002596,2026-05-01
C002611,2026-05-01
C002621,2026-05-01
C002624,2026-05-01
C002638,2026-05-01
C002646,2026-05-01
C002652,2026-05-01
C002657,2026-05-01
C002668,2026-05-01
C002670,2026-05-01
C002673,2026-05-01
C002693,2026-05-01
C002694,2026-05-01
C002698,2026-05-01
C002703,2026-05-01
C002704,2026-05-01
C002705,2026-05-01
C002709,2026-05-01
C002720,2026-05-01
C002724,2026-05-01
C002729,2026-05-01
C002730,2026-05-01
C002734,2026-05-01
C002751,2026-05-01
C002760,2026-05-01
C002762,2026-05-01
C002767,2026-05-01
C002781,2026-05-01
C002790,2026-05-01
C002794,2026-05-01
C002795,2026-05-01
C002799,2026-05-01
C002811,2026-05-01
C002815,2026-05-01
C002823,2026-05-01
C002830,2026-05-01
C002844,2026-05-01
C002846,2026-05-01
C002851,2026-05-01
C002888,2026-05-01
C002899,2026-05-01
C002900,2026-05-01
C002904,2026-05-01
C002907,2026-05-01
C002908,2026-05-01
C002912,2026-05-01
C002915,2026-05-01
C002922,2026-05-01
C002925,2026-05-01
C002935,2026-05-01
C002939,2026-05-01
C002940,2026-05-01
C002958,2026-05-01
C002962,2026-05-01
C002977,2026-05-01
C002984,2026-05-01
C002987,2026-05-01
C002988,2026-05-01
C003033,2026-05-01
C003044,2026-05-01
C003059,2026-05-01
C003082,2026-05-01
C003098,2026-05-01
C003104,2026-05-01
C003115,2026-05-01
C003133,2026-05-01
C003140,2026-05-01
C003152,2026-05-01
C003160,2026-05-01
C003186,2026-05-01
C003197,2026-05-01
C003216,2026-05-01
C003226,2026-05-01
C003230,2026-05-01
C003242,2026-05-01
C003255,2026-05-01
C003262,2026-05-01
C003266,2026-05-01
C003270,2026-05-01
C003274,2026-05-01
C003283,2026-05-01
C003286,2026-05-01
C003289,2026-05-01
C003304,2026-05-01
C003334,2026-05-01
C003336,2026-05-01
C003337,2026-05-01
C003347,2026-05-01
C003355,2026-05-01
C003365,2026-05-01
C003366,2026-05-01
C003372,2026-05-01
C003375,2026-05-01
C003378,2026-05-01
C003380,2026-05-01
C003385,2026-05-01
C003389,2026-05-01
C003403,2026-05-01
C003409,2026-05-01
C003411,2026-05-01
C003416,2026-05-01
C003426,2026-05-01
C003431,2026-05-01
C003436,2026-05-01
C003441,2026-05-01
C003445,2026-05-01
C003448,2026-05-01
C003449,2026-05-01
C003459,2026-05-01
C003463,2026-05-01
C003479,2026-05-01
C003482,2026-05-01
C003487,2026-05-01
C003516,2026-05-01
C003521,2026-05-01
C003522,2026-05-01
C003525,2026-05-01
C003535,2026-05-01
C003536,2026-05-01
C003537,2026-05-01
C003556,2026-05-01
C003557,2026-05-01
C003567,2026-05-01
C003575,2026-05-01
C003578,2026-05-01
C003588,2026-05-01
C003596,2026-05-01
C003597,2026-05-01
C003611,2026-05-01
C003619,2026-05-01
C003625,2026-05-01
C003636,2026-05-01
C003643,2026-05-01
C003646,2026-05-01
C003655,2026-05-01
C003662,2026-05-01
C003666,2026-05-01
C003683,2026-05-01
C003684,2026-05-01
C003695,2026-05-01
C003696,2026-05-01
C003699,2026-05-01
C003702,2026-05-01
C003706,2026-05-01
C003731,2026-05-01
C003745,2026-05-01
C003756,2026-05-01
C003760,2026-05-01
C003761,2026-05-01
C003765,2026-05-01
C003768,2026-05-01
C003781,2026-05-01
C003785,2026-05-01
C003803,2026-05-01
C003804,2026-05-01
C003812,2026-05-01
C003828,2026-05-01
C003852,2026-05-01
C003859,2026-05-01
C003868,2026-05-01
C003890,2026-05-01
C003892,2026-05-01
C003894,2026-05-01
C003897,2026-05-01
C003898,2026-05-01
C003905,2026-05-01
C003907,2026-05-01
C003913,2026-05-01
C003929,2026-05-01
C003941,2026-05-01
C003949,2026-05-01
C003960,2026-05-01
C003962,2026-05-01
C003965,2026-05-01
C003982,2026-05-01
C003983,2026-05-01
C003997,2026-05-01
C004022,2026-05-01
C004028,2026-05-01
C004054,2026-05-01
C004061,2026-05-01
C004065,2026-05-01
C004072,2026-05-01
C004075,2026-05-01
C004081,2026-05-01
C004084,2026-05-01
C004090,2026-05-01
C004091,2026-05-01
C004093,2026-05-01
C004094,2026-05-01
C004096,2026-05-01
C004104,2026-05-01
C004107,2026-05-01
C004110,2026-05-01
C004111,2026-05-01
C004117,2026-05-01
C004131,2026-05-01
C004140,2026-05-01
C004150,2026-05-01
C004159,2026-05-01
C004175,2026-05-01
C004182,2026-05-01
C004184,2026-05-01
C004192,2026-05-01
C004204,2026-05-01
C004206,2026-05-01
C004235,2026-05-01
C004241,2026-05-01
C004248,2026-05-01
C004250,2026-05-01
C004257,2026-05-01
C004260,2026-05-01
C004263,2026-05-01
C004265,2026-05-01
C004278,2026-05-01
C004286,2026-05-01
C004288,2026-05-01
C004295,2026-05-01
C004301,2026-05-01
C004302,2026-05-01
C004327,2026-05-01
C004340,2026-05-01
C004343,2026-05-01
C004365,2026-05-01
C004368,2026-05-01
C004370,2026-05-01
C004377,2026-05-01
C004387,2026-05-01
C004393,2026-05-01
C004409,2026-05-01
C004411,2026-05-01
C004415,2026-05-01
C004423,2026-05-01
C004453,2026-05-01
C004454,2026-05-01
C004458,2026-05-01
C004462,2026-05-01
C004509,2026-05-01
C004528,2026-05-01
C004529,2026-05-01
C004539,2026-05-01
C004549,2026-05-01
C004550,2026-05-01
C004567,2026-05-01
C004573,2026-05-01
C004576,2026-05-01
C004581,2026-05-01
C004584,2026-05-01
C004587,2026-05-01
C004605,2026-05-01
C004622,2026-05-01
C004661,2026-05-01
C004682,2026-05-01
C004697,2026-05-01
C004698,2026-05-01
C004701,2026-05-01
C004702,2026-05-01
C004703,2026-05-01
C004705,2026-05-01
C004707,2026-05-01
C004715,2026-05-01
C004722,2026-05-01
C004732,2026-05-01
C004733,2026-05-01
C004736,2026-05-01
C004747,2026-05-01
C004749,2026-05-01
C004754,2026-05-01
C004757,2026-05-01
C004758,2026-05-01
C004759,2026-05-01
C004776,2026-05-01
C004777,2026-05-01
C004787,2026-05-01
C004789,2026-05-01
C004804,2026-05-01
C004808,2026-05-01
C004809,2026-05-01
C004817,2026-05-01
C004818,2026-05-01
C004826,2026-05-01
C004841,2026-05-01
C004843,2026-05-01
C004853,2026-05-01
C004858,2026-05-01
C004862,2026-05-01
C004870,2026-05-01
C004877,2026-05-01
C004879,2026-05-01
C004880,2026-05-01
C004883,2026-05-01
C004892,2026-05-01
C004903,2026-05-01
C004908,2026-05-01
C004917,2026-05-01
C004922,2026-05-01
C004927,2026-05-01
C004928,2026-05-01
C004929,2026-05-01
C004935,2026-05-01
C004954,2026-05-01
C004956,2026-05-01
C004961,2026-05-01
C004966,2026-05-01
C004972,2026-05-01
C004989,2026-05-01
C004995,2026-05-01
C005005,2026-05-01
C005006,2026-05-01
C005020,2026-05-01
C005024,2026-05-01
C005027,2026-05-01
C005033,2026-05-01
C005042,2026-05-01
C005046,2026-05-01
C005048,2026-05-01
C005067,2026-05-01
C005079,2026-05-01
C005088,2026-05-01
C005099,2026-05-01
C005133,2026-05-01
C005161,2026-05-01
C005165,2026-05-01
C005168,2026-05-01
C005173,2026-05-01
C005183,2026-05-01
C005184,2026-05-01
C005200,2026-05-01
C005201,2026-05-01
C005240,2026-05-01
C005242,2026-05-01
C005243,2026-05-01
C005263,2026-05-01
C005275,2026-05-01
C005287,2026-05-01
C005291,2026-05-01
C005295,2026-05-01
C005296,2026-05-01
C005305,2026-05-01
C005318,2026-05-01
C005321,2026-05-01
C005324,2026-05-01
C005330,2026-05-01
C005334,2026-05-01
C005347,2026-05-01
C005367,2026-05-01
C005374,2026-05-01
C005377,2026-05-01
C005383,2026-05-01
C005384,2026-05-01
C005415,2026-05-01
C005440,2026-05-01
C005441,2026-05-01
C005453,2026-05-01
C005462,2026-05-01
C005463,2026-05-01
C005469,2026-05-01
C005473,2026-05-01
C005490,2026-05-01
C005501,2026-05-01
C005514,2026-05-01
C005523,2026-05-01
C005526,2026-05-01
C005553,2026-05-01
C005554,2026-05-01
C005570,2026-05-01
C005586,2026-05-01
C005599,2026-05-01
C005603,2026-05-01
C005604,2026-05-01
C005615,2026-05-01
C005616,2026-05-01
C005641,2026-05-01
C005650,2026-05-01
C005655,2026-05-01
C005658,2026-05-01
C005662,2026-05-01
C005680,2026-05-01
C005690,2026-05-01
C005710,2026-05-01
C005728,2026-05-01
C005735,2026-05-01
C005739,2026-05-01
C005756,2026-05-01
C005757,2026-05-01
C005758,2026-05-01
C005777,2026-05-01
C005809,2026-05-01
C005810,2026-05-01
C005821,2026-05-01
C005825,2026-05-01
C005828,2026-05-01
C005844,2026-05-01
C005846,2026-05-01
C005849,2026-05-01
C005852,2026-05-01
C005858,2026-05-01
C005869,2026-05-01
C005875,2026-05-01
C005887,2026-05-01
C005896,2026-05-01
C005899,2026-05-01
C005915,2026-05-01
C005927,2026-05-01
C005932,2026-05-01
C005939,2026-05-01
C005947,2026-05-01
C005950,2026-05-01
C005954,2026-05-01
C005965,2026-05-01
C005978,2026-05-01
C006018,2026-05-01
C006021,2026-05-01
C006043,2026-05-01
C006046,2026-05-01
C006052,2026-05-01
C006061,2026-05-01
C006081,2026-05-01
C006090,2026-05-01
C006095,2026-05-01
C006100,2026-05-01
C006101,2026-05-01
C006102,2026-05-01
C006109,2026-05-01
C006124,2026-05-01
C006141,2026-05-01
C006179,2026-05-01
C006191,2026-05-01
C006198,2026-05-01
C006238,2026-05-01
C006248,2026-05-01
C006257,2026-05-01
C006264,2026-05-01
C006267,2026-05-01
C006269,2026-05-01
C006283,2026-05-01
C006284,2026-05-01
C006291,2026-05-01
C006292,2026-05-01
C006309,2026-05-01
C006313,2026-05-01
C006317,2026-05-01
C006321,2026-05-01
C006324,2026-05-01
C006327,2026-05-01
C006333,2026-05-01
C006351,2026-05-01
C006360,2026-05-01
C006372,2026-05-01
C006374,2026-05-01
C006389,2026-05-01
C006393,2026-05-01
C006394,2026-05-01
C006405,2026-05-01
C006414,2026-05-01
C006429,2026-05-01
C006431,2026-05-01
C006434,2026-05-01
C006443,2026-05-01
C006460,2026-05-01
C006462,2026-05-01
C006464,2026-05-01
C006465,2026-05-01
C006469,2026-05-01
C006477,2026-05-01
C006484,2026-05-01
C006501,2026-05-01
C006513,2026-05-01
C006518,2026-05-01
C006519,2026-05-01
C006527,2026-05-01
C006531,2026-05-01
C006540,2026-05-01
C006547,2026-05-01
C006561,2026-05-01
C006565,2026-05-01
C006571,2026-05-01
C006581,2026-05-01
C006593,2026-05-01
C006595,2026-05-01
C006599,2026-05-01
C006615,2026-05-01
C006657,2026-05-01
C006666,2026-05-01
C006675,2026-05-01
C006676,2026-05-01
C006679,2026-05-01
C006686,2026-05-01
C006691,2026-05-01
C006693,2026-05-01
C006694,2026-05-01
C006702,2026-05-01
C006715,2026-05-01
C006723,2026-05-01
C006731,2026-05-01
C006742,2026-05-01
C006751,2026-05-01
C006753,2026-05-01
C006755,2026-05-01
C006756,2026-05-01
C006762,2026-05-01
C006770,2026-05-01
C006781,2026-05-01
C006788,2026-05-01
C006802,2026-05-01
C006805,2026-05-01
C006810,2026-05-01
C006814,2026-05-01
C006826,2026-05-01
C006836,2026-05-01
C006849,2026-05-01
C006851,2026-05-01
C006854,2026-05-01
C006867,2026-05-01
C006873,2026-05-01
C006875,2026-05-01
C006882,2026-05-01
C006883,2026-05-01
C006893,2026-05-01
C006917,2026-05-01
C006923,2026-05-01
C006931,2026-05-01
C006932,2026-05-01
C006935,2026-05-01
C006954,2026-05-01
C006958,2026-05-01
C006960,2026-05-01
C006968,2026-05-01
C006975,2026-05-01
C006986,2026-05-01
C007007,2026-05-01
C007019,2026-05-01
C007028,2026-05-01
C007031,2026-05-01
C007035,2026-05-01
C007036,2026-05-01
C007075,2026-05-01
C007076,2026-05-01
C007078,2026-05-01
C007081,2026-05-01
C007105,2026-05-01
C007129,2026-05-01
C007153,2026-05-01
C007156,2026-05-01
C007163,2026-05-01
C007206,2026-05-01
C007210,2026-05-01
C007218,2026-05-01
C007219,2026-05-01
C007225,2026-05-01
C007227,2026-05-01
C007230,2026-05-01
C007253,2026-05-01
C007271,2026-05-01
C007274,2026-05-01
C007282,2026-05-01
C007293,2026-05-01
C007300,2026-05-01
C007316,2026-05-01
C007326,2026-05-01
C007329,2026-05-01
C007354,2026-05-01
C007377,2026-05-01
C007378,2026-05-01
C007383,2026-05-01
C007395,2026-05-01
C007400,2026-05-01
C007402,2026-05-01
C007418,2026-05-01
C007428,2026-05-01
C007436,2026-05-01
C007445,2026-05-01
C007465,2026-05-01
C007475,2026-05-01
C007476,2026-05-01
C007499,2026-05-01
C007500,2026-05-01
C007518,2026-05-01
C007596,2026-05-01
C007598,2026-05-01
C007608,2026-05-01
C007610,2026-05-01
C007611,2026-05-01
C007623,2026-05-01
C007628,2026-05-01
C007651,2026-05-01
C007653,2026-05-01
C007662,2026-05-01
C007671,2026-05-01
C007700,2026-05-01
C007711,2026-05-01
C007713,2026-05-01
C007714,2026-05-01
C007715,2026-05-01
C007721,2026-05-01
C007741,2026-05-01
C007772,2026-05-01
C007779,2026-05-01
C007784,2026-05-01
C007798,2026-05-01
C007825,2026-05-01
C007841,2026-05-01
C007845,2026-05-01
C007846,2026-05-01
C007853,2026-05-01
C007857,2026-05-01
C007863,2026-05-01
C007865,2026-05-01
C007871,2026-05-01
C007881,2026-05-01
C007894,2026-05-01
C007899,2026-05-01
C007900,2026-05-01
C007912,2026-05-01
C007934,2026-05-01
C007949,2026-05-01
C007952,2026-05-01
C007959,2026-05-01
C007963,2026-05-01
C007972,2026-05-01
C007974,2026-05-01
C007975,2026-05-01
C007977,2026-05-01
C007983,2026-05-01
C007984,2026-05-01
C007993,2026-05-01
C007994,2026-05-01
C007998,2026-05-01
C008003,2026-05-01
C008009,2026-05-01
C008020,2026-05-01
C008022,2026-05-01
C008024,2026-05-01
C008030,2026-05-01
C008033,2026-05-01
C008043,2026-05-01
C008049,2026-05-01
C008062,2026-05-01
C008066,2026-05-01
C008074,2026-05-01
C008094,2026-05-01
C008110,2026-05-01
C008116,2026-05-01
C008117,2026-05-01
C008123,2026-05-01
C008134,2026-05-01
C008136,2026-05-01
C008142,2026-05-01
C008149,2026-05-01
C008153,2026-05-01
C008180,2026-05-01
C008185,2026-05-01
C008187,2026-05-01
C008203,2026-05-01
C008204,2026-05-01
C008207,2026-05-01
C008216,2026-05-01
C008234,2026-05-01
C008241,2026-05-01
C008243,2026-05-01
C008247,2026-05-01
C008257,2026-05-01
C008259,2026-05-01
C008275,2026-05-01
C008281,2026-05-01
C008295,2026-05-01
C008296,2026-05-01
C008299,2026-05-01
C008306,2026-05-01
C008314,2026-05-01
C008315,2026-05-01
C008324,2026-05-01
C008334,2026-05-01
C008347,2026-05-01
C008352,2026-05-01
C008354,2026-05-01
C008365,2026-05-01
C008380,2026-05-01
C008382,2026-05-01
C008384,2026-05-01
C008390,2026-05-01
C008406,2026-05-01
C008412,2026-05-01
C008413,2026-05-01
C008423,2026-05-01
C008428,2026-05-01
C008432,2026-05-01
C008433,2026-05-01
C008441,2026-05-01
C008443,2026-05-01
C008448,2026-05-01
C008453,2026-05-01
C008456,2026-05-01
C008459,2026-05-01
C008469,2026-05-01
C008475,2026-05-01
C008496,2026-05-01
C008503,2026-05-01
C008526,2026-05-01
C008545,2026-05-01
C008547,2026-05-01
C008561,2026-05-01
C008563,2026-05-01
C008568,2026-05-01
C008578,2026-05-01
C008593,2026-05-01
C008594,2026-05-01
C008603,2026-05-01
C008608,2026-05-01
C008609,2026-05-01
C008612,2026-05-01
C008643,2026-05-01
C008647,2026-05-01
C008652,2026-05-01
C008676,2026-05-01
C008689,2026-05-01
C008691,2026-05-01
C008695,2026-05-01
C008707,2026-05-01
C008709,2026-05-01
C008712,2026-05-01
C008722,2026-05-01
C008724,2026-05-01
C008740,2026-05-01
C008743,2026-05-01
C008744,2026-05-01
C008746,2026-05-01
C008750,2026-05-01
C008751,2026-05-01
C008753,2026-05-01
C008754,2026-05-01
C008760,2026-05-01
C008771,2026-05-01
C008772,2026-05-01
C008775,2026-05-01
C008777,2026-05-01
C008807,2026-05-01
C008811,2026-05-01
C008812,2026-05-01
C008823,2026-05-01
C008824,2026-05-01
C008845,2026-05-01
C008848,2026-05-01
C008849,2026-05-01
C008857,2026-05-01
C008859,2026-05-01
C008867,2026-05-01
C008892,2026-05-01
C008911,2026-05-01
C008916,2026-05-01
C008927,2026-05-01
C008937,2026-05-01
C008951,2026-05-01
C008953,2026-05-01
C008956,2026-05-01
C008973,2026-05-01
C008979,2026-05-01
C008980,2026-05-01
C009002,2026-05-01
C009007,2026-05-01
C009011,2026-05-01
C009026,2026-05-01
C009032,2026-05-01
C009034,2026-05-01
C009040,2026-05-01
C009041,2026-05-01
C009062,2026-05-01
C009065,2026-05-01
C009066,2026-05-01
C009069,2026-05-01
C009070,2026-05-01
C009075,2026-05-01
C009082,2026-05-01
C009088,2026-05-01
C009092,2026-05-01
C009101,2026-05-01
C009104,2026-05-01
C009108,2026-05-01
C009123,2026-05-01
C009124,2026-05-01
C009138,2026-05-01
C009142,2026-05-01
C009171,2026-05-01
C009186,2026-05-01
C009190,2026-05-01
C009193,2026-05-01
C009204,2026-05-01
C009212,2026-05-01
C009236,2026-05-01
C009240,2026-05-01
C009254,2026-05-01
C009270,2026-05-01
C009281,2026-05-01
C009282,2026-05-01
C009286,2026-05-01
C009297,2026-05-01
C009298,2026-05-01
C009302,2026-05-01
C009306,2026-05-01
C009311,2026-05-01
C009319,2026-05-01
C009343,2026-05-01
C009355,2026-05-01
C009366,2026-05-01
C009369,2026-05-01
C009385,2026-05-01
C009389,2026-05-01
C009401,2026-05-01
C009408,2026-05-01
C009413,2026-05-01
C009420,2026-05-01
C009426,2026-05-01
C009446,2026-05-01
C009450,2026-05-01
C009457,2026-05-01
C009471,2026-05-01
C009484,2026-05-01
C009493,2026-05-01
C009496,2026-05-01
C009501,2026-05-01
C009508,2026-05-01
C009531,2026-05-01
C009533,2026-05-01
C009536,2026-05-01
C009537,2026-05-01
C009542,2026-05-01
C009552,2026-05-01
C009564,2026-05-01
C009572,2026-05-01
C009577,2026-05-01
C009595,2026-05-01
C009607,2026-05-01
C009618,2026-05-01
C009624,2026-05-01
C009629,2026-05-01
C009634,2026-05-01
C009636,2026-05-01
C009648,2026-05-01
C009676,2026-05-01
C009685,2026-05-01
C009698,2026-05-01
C009700,2026-05-01
C009732,2026-05-01
C009737,2026-05-01
C009751,2026-05-01
C009767,2026-05-01
C009770,2026-05-01
C009777,2026-05-01
C009784,2026-05-01
C009801,2026-05-01
C009816,2026-05-01
C009822,2026-05-01
C009830,2026-05-01
C009835,2026-05-01
C009850,2026-05-01
C009860,2026-05-01
C009887,2026-05-01
C009897,2026-05-01
C009907,2026-05-01
C009908,2026-05-01
C009912,2026-05-01
C009913,2026-05-01
C009916,2026-05-01
C009917,2026-05-01
C009918,2026-05-01
C009926,2026-05-01
C009934,2026-05-01
C009937,2026-05-01
C009940,2026-05-01
C009964,2026-05-01
C009972,2026-05-01
C009974,2026-05-01
C009987,2026-05-01
C009988,2026-05-01
C009993,2026-05-01
C010004,2026-05-01
C010007,2026-05-01
C010032,2026-05-01
C010044,2026-05-01
C010050,2026-05-01
C010051,2026-05-01
C010066,2026-05-01
C010070,2026-05-01
C010075,2026-05-01
C010077,2026-05-01
C010088,2026-05-01
C010089,2026-05-01
C010091,2026-05-01
C010093,2026-05-01
C010099,2026-05-01
C010115,2026-05-01
C010121,2026-05-01
C010123,2026-05-01
C010133,2026-05-01
C010146,2026-05-01
C010149,2026-05-01
C010161,2026-05-01
C010173,2026-05-01
C010174,2026-05-01
C010179,2026-05-01
C010180,2026-05-01
C010190,2026-05-01
C010197,2026-05-01
C010219,2026-05-01
C010220,2026-05-01
C010223,2026-05-01
C010224,2026-05-01
C010232,2026-05-01
C010233,2026-05-01
C010256,2026-05-01
C010258,2026-05-01
C010262,2026-05-01
C010269,2026-05-01
C010281,2026-05-01
C010296,2026-05-01
C010300,2026-05-01
C010303,2026-05-01
C010311,2026-05-01
C010325,2026-05-01
C010328,2026-05-01
C010335,2026-05-01
C010364,2026-05-01
C010381,2026-05-01
C010414,2026-05-01
C010438,2026-05-01
C010451,2026-05-01
C010458,2026-05-01
C010464,2026-05-01
C010466,2026-05-01
C010475,2026-05-01
C010485,2026-05-01
C010490,2026-05-01
C010491,2026-05-01
C010494,2026-05-01
C010498,2026-05-01
C010520,2026-05-01
C010522,2026-05-01
C010524,2026-05-01
C010527,2026-05-01
C010548,2026-05-01
C010555,2026-05-01
C010558,2026-05-01
C010562,2026-05-01
C010585,2026-05-01
C010595,2026-05-01
C010605,2026-05-01
C010616,2026-05-01
C010625,2026-05-01
C010636,2026-05-01
C010639,2026-05-01
C010669,2026-05-01
C010677,2026-05-01
C010678,2026-05-01
C010685,2026-05-01
C010688,2026-05-01
C010718,2026-05-01
C010730,2026-05-01
C010758,2026-05-01
C010764,2026-05-01
C010775,2026-05-01
C010785,2026-05-01
C010821,2026-05-01
C010826,2026-05-01
C010828,2026-05-01
C010833,2026-05-01
C010837,2026-05-01
C010844,2026-05-01
C010847,2026-05-01
C010849,2026-05-01
C010854,2026-05-01
C010872,2026-05-01
C010874,2026-05-01
C010878,2026-05-01
C010892,2026-05-01
C010893,2026-05-01
C010896,2026-05-01
C010897,2026-05-01
C010899,2026-05-01
C010911,2026-05-01
C010917,2026-05-01
C010919,2026-05-01
C010920,2026-05-01
C010924,2026-05-01
C010926,2026-05-01
C010931,2026-05-01
C010939,2026-05-01
C010941,2026-05-01
C010955,2026-05-01
C010967,2026-05-01
C010980,2026-05-01
C010992,2026-05-01
C011013,2026-05-01
C011020,2026-05-01
C011022,2026-05-01
C011026,2026-05-01
C011046,2026-05-01
C011070,2026-05-01
C011077,2026-05-01
C011081,2026-05-01
C011082,2026-05-01
C011091,2026-05-01
C011096,2026-05-01
C011098,2026-05-01
C011110,2026-05-01
C011132,2026-05-01
C011136,2026-05-01
C011156,2026-05-01
C011157,2026-05-01
C011162,2026-05-01
C011163,2026-05-01
C011171,2026-05-01
C011172,2026-05-01
C011179,2026-05-01
C011192,2026-05-01
C011199,2026-05-01
C011200,2026-05-01
C011205,2026-05-01
C011209,2026-05-01
C011219,2026-05-01
C011227,2026-05-01
C011231,2026-05-01
C011243,2026-05-01
C011249,2026-05-01
C011252,2026-05-01
C011260,2026-05-01
C011268,2026-05-01
C011285,2026-05-01
C011306,2026-05-01
C011318,2026-05-01
C011320,2026-05-01
C011325,2026-05-01
C011347,2026-05-01
C011350,2026-05-01
C011355,2026-05-01
C011361,2026-05-01
C011365,2026-05-01
C011372,2026-05-01
C011394,2026-05-01
C011401,2026-05-01
C011402,2026-05-01
C011408,2026-05-01
C011411,2026-05-01
C011417,2026-05-01
C011420,2026-05-01
C011422,2026-05-01
C011438,2026-05-01
C011455,2026-05-01
C011459,2026-05-01
C011475,2026-05-01
C011477,2026-05-01
C011500,2026-05-01
C011514,2026-05-01
C011518,2026-05-01
C011540,2026-05-01
C011554,2026-05-01
C011565,2026-05-01
C011578,2026-05-01
C011582,2026-05-01
C011584,2026-05-01
C011589,2026-05-01
C011619,2026-05-01
C011636,2026-05-01
C011661,2026-05-01
C011670,2026-05-01
C011672,2026-05-01
C011709,2026-05-01
C011714,2026-05-01
C011731,2026-05-01
C011746,2026-05-01
C011750,2026-05-01
C011759,2026-05-01
C011768,2026-05-01
C011773,2026-05-01
C011776,2026-05-01
C011788,2026-05-01
C011796,2026-05-01
C011808,2026-05-01
C011826,2026-05-01
C011834,2026-05-01
C011841,2026-05-01
C011845,2026-05-01
C011852,2026-05-01
C011876,2026-05-01
C011878,2026-05-01
C011879,2026-05-01
C011880,2026-05-01
C011887,2026-05-01
C011899,2026-05-01
C011905,2026-05-01
C011907,2026-05-01
C011924,2026-05-01
C011932,2026-05-01
C011937,2026-05-01
C011943,2026-05-01
C011947,2026-05-01
C011956,2026-05-01
C011957,2026-05-01
C011963,2026-05-01
C011974,2026-05-01
C011978,2026-05-01
C011985,2026-05-01
C011989,2026-05-01
C012009,2026-05-01
C012019,2026-05-01
C012024,2026-05-01
C012025,2026-05-01
C012041,2026-05-01
C012047,2026-05-01
C012048,2026-05-01
C012059,2026-05-01
C012085,2026-05-01
C012101,2026-05-01
C012104,2026-05-01
C012117,2026-05-01
C012156,2026-05-01
C012160,2026-05-01
C012164,2026-05-01
C012165,2026-05-01
C012171,2026-05-01
C012172,2026-05-01
C012179,2026-05-01
C012182,2026-05-01
C012187,2026-05-01
C012209,2026-05-01
C012212,2026-05-01
C012215,2026-05-01
C012223,2026-05-01
C012224,2026-05-01
C012237,2026-05-01
C012242,2026-05-01
C012265,2026-05-01
C012287,2026-05-01
C012290,2026-05-01
C012292,2026-05-01
C012304,2026-05-01
C012312,2026-05-01
C012313,2026-05-01
C012315,2026-05-01
C012323,2026-05-01
C012327,2026-05-01
C012341,2026-05-01
C012358,2026-05-01
C012360,2026-05-01
C012375,2026-05-01
C012390,2026-05-01
C012403,2026-05-01
C012409,2026-05-01
C012415,2026-05-01
C012421,2026-05-01
C012426,2026-05-01
C012441,2026-05-01
C012461,2026-05-01
C012467,2026-05-01
C012468,2026-05-01
C012470,2026-05-01
C012488,2026-05-01
C012492,2026-05-01
C012504,2026-05-01
C012516,2026-05-01
C012523,2026-05-01
C012532,2026-05-01
C012546,2026-05-01
C012562,2026-05-01
C012563,2026-05-01
C012564,2026-05-01
C012567,2026-05-01
C012573,2026-05-01
C012576,2026-05-01
C012577,2026-05-01
C012587,2026-05-01
C012601,2026-05-01
C012607,2026-05-01
C012609,2026-05-01
C012612,2026-05-01
C012615,2026-05-01
C012616,2026-05-01
C012632,2026-05-01
C012642,2026-05-01
C012645,2026-05-01
C012654,2026-05-01
C012658,2026-05-01
C012659,2026-05-01
C012663,2026-05-01
C012679,2026-05-01
C012683,2026-05-01
C012690,2026-05-01
C012691,2026-05-01
C012693,2026-05-01
C012701,2026-05-01
C012706,2026-05-01
C012709,2026-05-01
C012714,2026-05-01
C012727,2026-05-01
C012736,2026-05-01
C012738,2026-05-01
C012742,2026-05-01
C012746,2026-05-01
C012750,2026-05-01
C012763,2026-05-01
C012764,2026-05-01
C012782,2026-05-01
C012815,2026-05-01
C012848,2026-05-01
C012856,2026-05-01
C012861,2026-05-01
C012885,2026-05-01
C012890,2026-05-01
C012901,2026-05-01
C012910,2026-05-01
C012916,2026-05-01
C012941,2026-05-01
C012944,2026-05-01
C012946,2026-05-01
C012953,2026-05-01
C012971,2026-05-01
C012973,2026-05-01
C012983,2026-05-01
C012995,2026-05-01
C012997,2026-05-01
C013008,2026-05-01
C013030,2026-05-01
C013035,2026-05-01
C013048,2026-05-01
C013062,2026-05-01
C013063,2026-05-01
C013067,2026-05-01
C013079,2026-05-01
C013111,2026-05-01
C013139,2026-05-01
C013142,2026-05-01
C013146,2026-05-01
C013156,2026-05-01
C013178,2026-05-01
C013185,2026-05-01
C013209,2026-05-01
C013213,2026-05-01
C013218,2026-05-01
C013225,2026-05-01
C013229,2026-05-01
C013238,2026-05-01
C013246,2026-05-01
C013255,2026-05-01
C013275,2026-05-01
C013278,2026-05-01
C013287,2026-05-01
C013293,2026-05-01
C013309,2026-05-01
C013345,2026-05-01
C013349,2026-05-01
C013362,2026-05-01
C013364,2026-05-01
C013394,2026-05-01
C013397,2026-05-01
C013405,2026-05-01
C013413,2026-05-01
C013442,2026-05-01
C013443,2026-05-01
C013448,2026-05-01
C013455,2026-05-01
C013463,2026-05-01
C013471,2026-05-01
C013497,2026-05-01
C013504,2026-05-01
C013505,2026-05-01
C013507,2026-05-01
C013508,2026-05-01
C013509,2026-05-01
C013515,2026-05-01
C013519,2026-05-01
C013552,2026-05-01
C013572,2026-05-01
C013595,2026-05-01
C013597,2026-05-01
C013598,2026-05-01
C013601,2026-05-01
C013610,2026-05-01
C013613,2026-05-01
C013618,2026-05-01
C013629,2026-05-01
C013635,2026-05-01
C013645,2026-05-01
C013646,2026-05-01
C013647,2026-05-01
C013651,2026-05-01
C013669,2026-05-01
C013673,2026-05-01
C013682,2026-05-01
C013692,2026-05-01
C013696,2026-05-01
C013699,2026-05-01
C013716,2026-05-01
C013732,2026-05-01
C013743,2026-05-01
C013749,2026-05-01
C013752,2026-05-01
C013759,2026-05-01
C013761,2026-05-01
C013762,2026-05-01
C013765,2026-05-01
C013766,2026-05-01
C013774,2026-05-01
C013777,2026-05-01
C013781,2026-05-01
C013784,2026-05-01
C013799,2026-05-01
C013804,2026-05-01
C013806,2026-05-01
C013807,2026-05-01
C013822,2026-05-01
C013824,2026-05-01
C013830,2026-05-01
C013836,2026-05-01
C013844,2026-05-01
C013845,2026-05-01
C013858,2026-05-01
C013872,2026-05-01
C013881,2026-05-01
C013903,2026-05-01
C013915,2026-05-01
C013927,2026-05-01
C013935,2026-05-01
C013944,2026-05-01
C013952,2026-05-01
C013957,2026-05-01
C013966,2026-05-01
C013968,2026-05-01
C013970,2026-05-01
C013975,2026-05-01
C014009,2026-05-01
C014018,2026-05-01
C014032,2026-05-01
C014038,2026-05-01
C014039,2026-05-01
C014043,2026-05-01
C014052,2026-05-01
C014057,2026-05-01
C014062,2026-05-01
C014085,2026-05-01
C014096,2026-05-01
C014099,2026-05-01
C014100,2026-05-01
C014107,2026-05-01
C014121,2026-05-01
C014130,2026-05-01
C014135,2026-05-01
C014155,2026-05-01
C014168,2026-05-01
C014177,2026-05-01
C014180,2026-05-01
C014186,2026-05-01
C014188,2026-05-01
C014198,2026-05-01
C014203,2026-05-01
C014209,2026-05-01
C014211,2026-05-01
C014235,2026-05-01
C014236,2026-05-01
C014243,2026-05-01
C014244,2026-05-01
C014262,2026-05-01
C014273,2026-05-01
C014278,2026-05-01
C014281,2026-05-01
C014308,2026-05-01
C014309,2026-05-01
C014313,2026-05-01
C014335,2026-05-01
C014342,2026-05-01
C014345,2026-05-01
C014350,2026-05-01
C014354,2026-05-01
C014356,2026-05-01
C014364,2026-05-01
C014377,2026-05-01
C014385,2026-05-01
C014393,2026-05-01
C014406,2026-05-01
C014410,2026-05-01
C014429,2026-05-01
C014432,2026-05-01
C014440,2026-05-01
C014447,2026-05-01
C014451,2026-05-01
C014465,2026-05-01
C014471,2026-05-01
C014481,2026-05-01
C014484,2026-05-01
C014495,2026-05-01
C014499,2026-05-01
C014504,2026-05-01
C014518,2026-05-01
C014520,2026-05-01
C014538,2026-05-01
C014543,2026-05-01
C014547,2026-05-01
C014552,2026-05-01
C014562,2026-05-01
C014564,2026-05-01
C014566,2026-05-01
C014578,2026-05-01
C014586,2026-05-01
C014599,2026-05-01
C014623,2026-05-01
C014642,2026-05-01
C014644,2026-05-01
C014654,2026-05-01
C014676,2026-05-01
C014684,2026-05-01
C014687,2026-05-01
C014712,2026-05-01
C014719,2026-05-01
C014728,2026-05-01
C014743,2026-05-01
C014754,2026-05-01
C014755,2026-05-01
C014785,2026-05-01
C014811,2026-05-01
C014815,2026-05-01
C014825,2026-05-01
C014854,2026-05-01
C014868,2026-05-01
C014884,2026-05-01
C014907,2026-05-01
C014908,2026-05-01
C014925,2026-05-01
C014928,2026-05-01
C014934,2026-05-01
C014938,2026-05-01
C014942,2026-05-01
C014945,2026-05-01
C014950,2026-05-01
C014952,2026-05-01
C014962,2026-05-01
C014965,2026-05-01
C014970,2026-05-01
C014971,2026-05-01
C014976,2026-05-01
C014979,2026-05-01
C014988,2026-05-01
C014997,2026-05-01
C015035,2026-05-01
C015038,2026-05-01
C015039,2026-05-01
C015047,2026-05-01
C015048,2026-05-01
C015049,2026-05-01
C015065,2026-05-01
C015076,2026-05-01
C015082,2026-05-01
C015097,2026-05-01
C015104,2026-05-01
C015107,2026-05-01
C015118,2026-05-01
C015121,2026-05-01
C015130,2026-05-01
C015138,2026-05-01
C015173,2026-05-01
C015180,2026-05-01
C015182,2026-05-01
C015189,2026-05-01
C015192,2026-05-01
C015202,2026-05-01
C015206,2026-05-01
C015207,2026-05-01
C015212,2026-05-01
C015218,2026-05-01
C015230,2026-05-01
C015258,2026-05-01
C015264,2026-05-01
C015266,2026-05-01
C015296,2026-05-01
C015310,2026-05-01
C015322,2026-05-01
C015332,2026-05-01
C015341,2026-05-01
C015344,2026-05-01
C015366,2026-05-01
C015372,2026-05-01
C015392,2026-05-01
C015396,2026-05-01
C015403,2026-05-01
C015407,2026-05-01
C015408,2026-05-01
C015414,2026-05-01
C015420,2026-05-01
C015421,2026-05-01
C015423,2026-05-01
C015428,2026-05-01
C015430,2026-05-01
C015462,2026-05-01
C015467,2026-05-01
C015469,2026-05-01
C015478,2026-05-01
C015487,2026-05-01
C015490,2026-05-01
C015503,2026-05-01
C015531,2026-05-01
C015533,2026-05-01
C015534,2026-05-01
C015537,2026-05-01
C015539,2026-05-01
C015541,2026-05-01
C015551,2026-05-01
C015553,2026-05-01
C015556,2026-05-01
C015558,2026-05-01
C015563,2026-05-01
C015574,2026-05-01
C015587,2026-05-01
C015609,2026-05-01
C015613,2026-05-01
C015614,2026-05-01
C015615,2026-05-01
C015616,2026-05-01
C015625,2026-05-01
C015639,2026-05-01
C015658,2026-05-01
C015660,2026-05-01
C015661,2026-05-01
C015662,2026-05-01
C015666,2026-05-01
C015671,2026-05-01
C015672,2026-05-01
C015676,2026-05-01
C015684,2026-05-01
C015691,2026-05-01
C015692,2026-05-01
C015702,2026-05-01
C015715,2026-05-01
C015716,2026-05-01
C015727,2026-05-01
C015731,2026-05-01
C015738,2026-05-01
C015746,2026-05-01
C015770,2026-05-01
C015774,2026-05-01
C015779,2026-05-01
C015786,2026-05-01
C015787,2026-05-01
C015792,2026-05-01
C015794,2026-05-01
C015795,2026-05-01
C015796,2026-05-01
C015800,2026-05-01
C015812,2026-05-01
C015813,2026-05-01
C015831,2026-05-01
C015845,2026-05-01
C015849,2026-05-01
C015875,2026-05-01
C015879,2026-05-01
C015886,2026-05-01
C015888,2026-05-01
C015889,2026-05-01
C015904,2026-05-01
C015906,2026-05-01
C015908,2026-05-01
C015910,2026-05-01
C015921,2026-05-01
C015923,2026-05-01
C015943,2026-05-01
C015949,2026-05-01
C015962,2026-05-01
C015964,2026-05-01
C015966,2026-05-01
C015974,2026-05-01
C015978,2026-05-01
C015987,2026-05-01
C015992,2026-05-01
C015993,2026-05-01
C015999,2026-05-01
C016004,2026-05-01
C016008,2026-05-01
C016011,2026-05-01
C016012,2026-05-01
C016020,2026-05-01
C016044,2026-05-01
C016055,2026-05-01
C016056,2026-05-01
C016066,2026-05-01
C016069,2026-05-01
C016072,2026-05-01
C016073,2026-05-01
C016079,2026-05-01
C016112,2026-05-01
C016124,2026-05-01
C016127,2026-05-01
C016128,2026-05-01
C016147,2026-05-01
C016148,2026-05-01
C016161,2026-05-01
C016168,2026-05-01
C016200,2026-05-01
C016208,2026-05-01
C016209,2026-05-01
C016223,2026-05-01
C016237,2026-05-01
C016249,2026-05-01
C016261,2026-05-01
C016262,2026-05-01
C016267,2026-05-01
C016272,2026-05-01
C016289,2026-05-01
C016303,2026-05-01
C016314,2026-05-01
C016335,2026-05-01
C016348,2026-05-01
C016351,2026-05-01
C016354,2026-05-01
C016359,2026-05-01
C016366,2026-05-01
C016372,2026-05-01
C016377,2026-05-01
C016385,2026-05-01
C016403,2026-05-01
C016407,2026-05-01
C016415,2026-05-01
C016421,2026-05-01
C016438,2026-05-01
C016439,2026-05-01
C016440,2026-05-01
C016445,2026-05-01
C016476,2026-05-01
C016480,2026-05-01
C016495,2026-05-01
C016501,2026-05-01
C016502,2026-05-01
C016523,2026-05-01
C016544,2026-05-01
C016559,2026-05-01
C016561,2026-05-01
C016565,2026-05-01
C016573,2026-05-01
C016585,2026-05-01
C016616,2026-05-01
C016621,2026-05-01
C016633,2026-05-01
C016648,2026-05-01
C016659,2026-05-01
C016660,2026-05-01
C016665,2026-05-01
C016669,2026-05-01
C016690,2026-05-01
C016704,2026-05-01
C016714,2026-05-01
C016723,2026-05-01
C016738,2026-05-01
C016742,2026-05-01
C016765,2026-05-01
C016766,2026-05-01
C016780,2026-05-01
C016792,2026-05-01
C016794,2026-05-01
C016800,2026-05-01
C016825,2026-05-01
C016831,2026-05-01
C016848,2026-05-01
C016864,2026-05-01
C016870,2026-05-01
C016877,2026-05-01
C016878,2026-05-01
C016881,2026-05-01
C016888,2026-05-01
C016889,2026-05-01
C016901,2026-05-01
C016903,2026-05-01
C016906,2026-05-01
C016929,2026-05-01
C016930,2026-05-01
C016944,2026-05-01
C016952,2026-05-01
C016957,2026-05-01
C016992,2026-05-01
C016996,2026-05-01
C017000,2026-05-01
C017002,2026-05-01
C017006,2026-05-01
C017043,2026-05-01
C017045,2026-05-01
C017053,2026-05-01
C017056,2026-05-01
C017057,2026-05-01
C017070,2026-05-01
C017084,2026-05-01
C017087,2026-05-01
C017089,2026-05-01
C017101,2026-05-01
C017107,2026-05-01
C017116,2026-05-01
C017119,2026-05-01
C017126,2026-05-01
C017135,2026-05-01
C017152,2026-05-01
C017155,2026-05-01
C017159,2026-05-01
C017160,2026-05-01
C017163,2026-05-01
C017164,2026-05-01
C017186,2026-05-01
C017188,2026-05-01
C017189,2026-05-01
C017199,2026-05-01
C017200,2026-05-01
C017202,2026-05-01
C017208,2026-05-01
C017211,2026-05-01
C017219,2026-05-01
C017227,2026-05-01
C017238,2026-05-01
C017240,2026-05-01
C017241,2026-05-01
C017251,2026-05-01
C017259,2026-05-01
C017273,2026-05-01
C017274,2026-05-01
C017290,2026-05-01
C017295,2026-05-01
C017311,2026-05-01
C017316,2026-05-01
C017320,2026-05-01
C017328,2026-05-01
C017333,2026-05-01
C017349,2026-05-01
C017363,2026-05-01
C017380,2026-05-01
C017394,2026-05-01
C017398,2026-05-01
C017400,2026-05-01
C017402,2026-05-01
C017408,2026-05-01
C017416,2026-05-01
C017422,2026-05-01
C017425,2026-05-01
C017435,2026-05-01
C017442,2026-05-01
C017443,2026-05-01
C017444,2026-05-01
C017445,2026-05-01
C017447,2026-05-01
C017454,2026-05-01
C017463,2026-05-01
C017465,2026-05-01
C017469,2026-05-01
C017470,2026-05-01
C017473,2026-05-01
C017482,2026-05-01
C017488,2026-05-01
C017489,2026-05-01
C017506,2026-05-01
C017513,2026-05-01
C017515,2026-05-01
C017520,2026-05-01
C017558,2026-05-01
C017567,2026-05-01
C017574,2026-05-01
C017583,2026-05-01
C017597,2026-05-01
C017618,2026-05-01
C017627,2026-05-01
C017632,2026-05-01
C017634,2026-05-01
C017635,2026-05-01
C017644,2026-05-01
C017657,2026-05-01
C017679,2026-05-01
C017684,2026-05-01
C017697,2026-05-01
C017701,2026-05-01
C017707,2026-05-01
C017728,2026-05-01
C017740,2026-05-01
C017741,2026-05-01
C017742,2026-05-01
C017756,2026-05-01
C017775,2026-05-01
C017778,2026-05-01
C017779,2026-05-01
C017787,2026-05-01
C017790,2026-05-01
C017797,2026-05-01
C017801,2026-05-01
C017803,2026-05-01
C017810,2026-05-01
C017811,2026-05-01
C017818,2026-05-01
C017822,2026-05-01
C017826,2026-05-01
C017832,2026-05-01
C017836,2026-05-01
C017847,2026-05-01
C017860,2026-05-01
C017872,2026-05-01
C017875,2026-05-01
C017878,2026-05-01
C017896,2026-05-01
C017902,2026-05-01
C017910,2026-05-01
C017917,2026-05-01
C017934,2026-05-01
C017941,2026-05-01
C017966,2026-05-01
C017971,2026-05-01
C017998,2026-05-01
C018014,2026-05-01
C018027,2026-05-01
C018029,2026-05-01
C018039,2026-05-01
C018061,2026-05-01
C018069,2026-05-01
C018076,2026-05-01
C018108,2026-05-01
C018112,2026-05-01
C018114,2026-05-01
C018124,2026-05-01
C018138,2026-05-01
C018163,2026-05-01
C018169,2026-05-01
C018177,2026-05-01
C018183,2026-05-01
C018197,2026-05-01
C018205,2026-05-01
C018210,2026-05-01
C018212,2026-05-01
C018217,2026-05-01
C018225,2026-05-01
C018238,2026-05-01
C018239,2026-05-01
C018241,2026-05-01
C018252,2026-05-01
C018259,2026-05-01
C018275,2026-05-01
C018283,2026-05-01
C018284,2026-05-01
C018285,2026-05-01
C018291,2026-05-01
C018311,2026-05-01
C018334,2026-05-01
C018337,2026-05-01
C018351,2026-05-01
C018353,2026-05-01
C018355,2026-05-01
C018365,2026-05-01
C018367,2026-05-01
C018369,2026-05-01
C018373,2026-05-01
C018375,2026-05-01
C018384,2026-05-01
C018392,2026-05-01
C018397,2026-05-01
C018410,2026-05-01
C018411,2026-05-01
C018419,2026-05-01
C018421,2026-05-01
C018433,2026-05-01
C018434,2026-05-01
C018436,2026-05-01
C018438,2026-05-01
C018441,2026-05-01
C018443,2026-05-01
C018444,2026-05-01
C018446,2026-05-01
C018456,2026-05-01
C018471,2026-05-01
C018472,2026-05-01
C018473,2026-05-01
C018479,2026-05-01
C018493,2026-05-01
C018494,2026-05-01
C018498,2026-05-01
C018502,2026-05-01
C018513,2026-05-01
C018525,2026-05-01
C018526,2026-05-01
C018537,2026-05-01
C018538,2026-05-01
C018543,2026-05-01
C018552,2026-05-01
C018560,2026-05-01
C018562,2026-05-01
C018570,2026-05-01
C018578,2026-05-01
C018598,2026-05-01
C018603,2026-05-01
C018608,2026-05-01
C018609,2026-05-01
C018610,2026-05-01
C018612,2026-05-01
C018625,2026-05-01
C018632,2026-05-01
C018636,2026-05-01
C018642,2026-05-01
C018648,2026-05-01
C018653,2026-05-01
C018661,2026-05-01
C018667,2026-05-01
C018699,2026-05-01
C018706,2026-05-01
C018718,2026-05-01
C018730,2026-05-01
C018753,2026-05-01
C018764,2026-05-01
C018768,2026-05-01
C018781,2026-05-01
C018783,2026-05-01
C018788,2026-05-01
C018789,2026-05-01
C018840,2026-05-01
C018851,2026-05-01
C018860,2026-05-01
C018869,2026-05-01
C018908,2026-05-01
C018913,2026-05-01
C018935,2026-05-01
C018938,2026-05-01
C018939,2026-05-01
C018940,2026-05-01
C018959,2026-05-01
C018982,2026-05-01
C019008,2026-05-01
C019019,2026-05-01
C019020,2026-05-01
C019031,2026-05-01
C019054,2026-05-01
C019061,2026-05-01
C019067,2026-05-01
C019069,2026-05-01
C019071,2026-05-01
C019072,2026-05-01
C019074,2026-05-01
C019085,2026-05-01
C019090,2026-05-01
C019099,2026-05-01
C019110,2026-05-01
C019125,2026-05-01
C019137,2026-05-01
C019142,2026-05-01
C019144,2026-05-01
C019166,2026-05-01
C019170,2026-05-01
C019172,2026-05-01
C019189,2026-05-01
C019191,2026-05-01
C019198,2026-05-01
C019199,2026-05-01
C019209,2026-05-01
C019215,2026-05-01
C019217,2026-05-01
C019246,2026-05-01
C019258,2026-05-01
C019260,2026-05-01
C019267,2026-05-01
C019274,2026-05-01
C019305,2026-05-01
C019312,2026-05-01
C019330,2026-05-01
C019332,2026-05-01
C019336,2026-05-01
C019343,2026-05-01
C019348,2026-05-01
C019349,2026-05-01
C019350,2026-05-01
C019360,2026-05-01
C019363,2026-05-01
C019380,2026-05-01
C019382,2026-05-01
C019387,2026-05-01
C019391,2026-05-01
C019394,2026-05-01
C019408,2026-05-01
C019413,2026-05-01
C019421,2026-05-01
C019426,2026-05-01
C019430,2026-05-01
C019468,2026-05-01
C019474,2026-05-01
C019483,2026-05-01
C019485,2026-05-01
C019502,2026-05-01
C019520,2026-05-01
C019526,2026-05-01
C019527,2026-05-01
C019532,2026-05-01
C019553,2026-05-01
C019581,2026-05-01
C019582,2026-05-01
C019583,2026-05-01
C019585,2026-05-01
C019598,2026-05-01
C019601,2026-05-01
C019603,2026-05-01
C019611,2026-05-01
C019616,2026-05-01
C019620,2026-05-01
C019636,2026-05-01
C019639,2026-05-01
C019653,2026-05-01
C019655,2026-05-01
C019671,2026-05-01
C019678,2026-05-01
C019683,2026-05-01
C019699,2026-05-01
C019704,2026-05-01
C019708,2026-05-01
C019718,2026-05-01
C019721,2026-05-01
C019745,2026-05-01
C019755,2026-05-01
C019789,2026-05-01
C019797,2026-05-01
C019817,2026-05-01
C019822,2026-05-01
C019824,2026-05-01
C019828,2026-05-01
C019836,2026-05-01
C019840,2026-05-01
C019861,2026-05-01
C019862,2026-05-01
C019870,2026-05-01
C019874,2026-05-01
C019878,2026-05-01
C019880,2026-05-01
C019881,2026-05-01
C019896,2026-05-01
C019912,2026-05-01
C019917,2026-05-01
C019923,2026-05-01
C019924,2026-05-01
C019927,2026-05-01
C019928,2026-05-01
C019942,2026-05-01
C019943,2026-05-01
C019950,2026-05-01
C019956,2026-05-01
C019964,2026-05-01
C019973,2026-05-01
C019977,2026-05-01
C019984,2026-05-01
C019989,2026-05-01
C019991,2026-05-01
